Vine,budburst_onset_doy_2020,flower_onset_doy_2020,leaf_onset_doy_2020,fruit_onset_doy_2020,verasion_doy_2020,budburst_onset_doy_2021,flower_onset_doy_2021,leaf_onset_doy_2021,fruit_onset_doy_2021,verasion_doy_2021
1.060.001,NA,NA,NA,NA,NA,134,145,137,161,200
1.060.002,NA,170,148,NA,NA,128,145,134,165,200
1.060.004,NA,NA,148,NA,NA,128,145,134,161,217
1.060.005,NA,NA,148,NA,NA,128,145,134,161,217
1.060.006,NA,NA,148,NA,NA,128,145,137,161,NA
1.060.007,NA,NA,NA,NA,NA,128,145,137,161,204
1.060.008,NA,NA,148,NA,NA,134,145,137,161,200
1.060.009,NA,NA,151,NA,NA,128,145,134,161,NA
1.060.010,NA,NA,148,NA,NA,134,145,137,161,217
1.060.011,NA,NA,NA,NA,NA,128,145,137,165,NA
1.060.012,NA,NA,NA,NA,NA,128,152,134,161,200
1.060.013,NA,NA,NA,NA,NA,128,145,137,161,200
1.060.014,NA,NA,151,NA,NA,128,145,134,161,NA
1.060.016,144,NA,148,209,NA,134,145,137,161,217
1.060.018,141,NA,144,NA,NA,128,145,137,161,217
1.060.019,138,NA,NA,NA,NA,137,NA,NA,NA,NA
1.060.020,NA,NA,148,173,222,128,145,134,161,217
1.060.021,144,NA,148,NA,NA,128,145,137,165,200
1.060.022,138,163,144,222,215,128,145,134,161,217
1.060.024,NA,NA,NA,NA,NA,137,145,140,168,217
1.060.025,NA,NA,148,NA,NA,NA,145,134,161,204
1.060.026,NA,NA,NA,NA,NA,134,145,137,165,NA
1.060.027,NA,NA,158,NA,NA,134,145,137,NA,NA
1.060.028,NA,NA,151,NA,NA,134,145,137,165,217
1.060.029,NA,NA,NA,NA,NA,128,145,137,161,217
1.060.030,NA,NA,148,173,226,137,145,140,161,217
1.061.001,NA,NA,NA,NA,NA,134,145,137,161,217
1.061.002,NA,NA,151,NA,NA,NA,NA,NA,NA,NA
1.061.004,NA,NA,148,NA,NA,NA,NA,NA,NA,NA
1.061.005,NA,NA,166,NA,NA,NA,NA,NA,NA,NA
1.061.006,NA,NA,NA,NA,NA,128,145,134,161,NA
1.061.007,138,166,141,170,239,128,145,134,161,NA
1.061.008,NA,163,144,170,239,134,145,137,161,217
1.061.009,NA,NA,148,NA,NA,134,145,137,161,217
1.061.010,NA,NA,148,NA,NA,134,145,137,161,217
1.061.011,NA,NA,148,NA,NA,134,145,140,161,217
1.061.012,NA,NA,NA,NA,NA,128,145,134,161,204
1.061.013,NA,NA,148,NA,NA,134,152,137,161,217
1.061.014,NA,160,144,170,226,134,145,137,161,217
1.061.016,NA,NA,148,NA,NA,134,145,137,NA,NA
1.061.017,NA,NA,NA,NA,NA,NA,145,134,161,NA
1.061.018,NA,NA,148,NA,NA,NA,NA,NA,NA,NA
1.061.019,NA,NA,NA,NA,NA,128,145,134,161,200
1.061.020,NA,163,144,170,209,134,145,137,161,204
1.061.021,141,NA,148,NA,NA,134,145,137,161,NA
1.061.023,NA,NA,148,NA,NA,NA,145,134,161,217
1.061.024,NA,NA,148,NA,NA,NA,145,134,161,217
1.061.025,NA,NA,148,NA,NA,134,NA,NA,NA,NA
1.061.026,NA,NA,NA,NA,NA,128,145,137,161,200
1.061.027,NA,NA,148,NA,NA,128,145,134,161,200
1.061.028,NA,NA,148,181,NA,NA,145,NA,161,200
1.061.029,NA,163,144,170,209,NA,NA,NA,NA,NA
1.061.030,141,NA,148,NA,NA,134,145,137,161,217
1.061.031,NA,163,138,166,209,NA,158,NA,165,NA
1.061.032,NA,NA,148,NA,NA,128,145,134,161,217
1.061.033,141,NA,NA,NA,NA,128,158,137,161,NA
1.061.034,138,166,144,173,NA,128,145,137,161,NA
1.062.001,NA,NA,148,NA,NA,134,145,140,161,217
1.062.002,NA,NA,NA,NA,NA,134,NA,137,NA,NA
1.062.003,NA,NA,NA,NA,NA,NA,NA,137,NA,NA
1.062.004,NA,NA,160,NA,NA,128,145,137,161,200
1.062.006,NA,NA,148,NA,NA,134,145,140,161,217
1.062.007,NA,NA,148,NA,NA,134,155,137,NA,NA
1.062.008,NA,166,144,177,NA,128,NA,134,NA,NA
1.062.009,NA,160,141,166,209,NA,NA,NA,NA,NA
1.062.010,NA,160,144,215,209,128,145,134,161,NA
1.062.011,NA,NA,148,NA,NA,134,145,137,161,NA
1.062.012,NA,NA,151,NA,NA,128,145,137,161,200
1.062.013,NA,NA,148,NA,NA,128,145,134,161,200
1.062.014,NA,NA,148,NA,NA,NA,NA,NA,NA,NA
1.062.015,NA,NA,NA,NA,NA,128,145,137,161,200
1.062.016,NA,NA,148,NA,NA,128,145,134,161,217
1.062.018,NA,NA,NA,NA,NA,128,145,134,161,NA
1.062.019,NA,NA,NA,NA,NA,128,145,137,161,217
1.062.020,NA,163,144,170,222,134,145,137,161,217
1.062.022,144,NA,148,NA,NA,128,145,137,161,NA
1.062.023,NA,NA,148,204,229,128,145,137,161,217
1.062.024,NA,NA,154,NA,NA,128,145,134,161,217
1.062.026,NA,NA,NA,NA,NA,NA,145,140,161,NA
1.062.029,NA,NA,148,NA,NA,134,172,137,165,NA
1.062.030,138,163,144,170,209,128,145,134,165,217
1.062.031,138,166,144,NA,NA,NA,NA,NA,NA,NA
1.062.032,NA,NA,148,NA,NA,134,161,137,161,217
1.062.033,NA,NA,154,NA,NA,128,145,140,161,217
1.062.034,NA,NA,154,NA,NA,128,NA,134,NA,NA
1.062.035,NA,163,141,170,NA,134,145,140,161,217
1.062.037,NA,177,158,NA,NA,137,145,140,161,217
1.063.002,144,NA,158,NA,NA,128,145,134,165,217
1.063.004,NA,NA,NA,NA,NA,128,145,134,165,200
1.063.005,NA,NA,148,NA,NA,128,145,137,165,200
1.063.006,NA,NA,NA,NA,NA,128,145,134,165,200
1.063.007,141,NA,148,NA,NA,134,145,137,165,200
1.063.009,NA,NA,148,NA,NA,134,145,137,165,217
1.063.010,NA,NA,148,NA,NA,134,145,137,165,NA
1.063.011,NA,NA,148,NA,NA,128,145,134,165,200
1.063.012,NA,NA,148,NA,NA,NA,NA,NA,NA,NA
1.063.014,NA,NA,148,NA,NA,NA,145,134,165,217
1.063.015,NA,163,144,NA,NA,134,145,137,165,217
1.063.017,NA,NA,148,NA,NA,134,145,137,165,200
1.063.018,NA,NA,NA,NA,NA,134,NA,NA,NA,NA
1.063.020,138,163,158,187,222,128,145,134,165,217
1.063.021,NA,NA,148,NA,NA,128,145,137,165,217
1.063.022,NA,NA,148,NA,NA,NA,NA,NA,NA,NA
1.063.024,NA,NA,148,NA,NA,NA,NA,NA,NA,NA
1.063.026,138,163,141,170,NA,128,145,134,165,217
1.063.028,NA,NA,148,NA,NA,128,NA,140,NA,NA
1.063.029,NA,NA,166,NA,NA,134,145,137,165,217
1.063.030,NA,NA,158,NA,NA,128,145,137,165,200
1.063.031,NA,166,148,204,215,NA,NA,NA,NA,NA
1.063.032,NA,NA,148,NA,NA,NA,NA,NA,NA,NA
1.063.033,138,160,144,166,209,128,145,137,165,217
1.063.034,138,163,144,170,215,NA,NA,NA,NA,NA
1.063.035,141,163,148,166,NA,134,145,137,165,217
1.063.036,NA,NA,151,NA,NA,134,145,137,165,NA
1.063.037,141,NA,NA,NA,NA,128,145,134,165,200
1.063.038,NA,NA,148,NA,NA,128,145,134,165,217
1.063.041,NA,NA,148,NA,NA,NA,NA,NA,NA,NA
1.064.001,NA,NA,NA,NA,NA,128,145,137,165,217
1.064.002,138,166,141,170,209,128,145,137,165,204
1.064.004,NA,NA,163,NA,NA,128,145,137,165,217
1.064.005,NA,NA,148,NA,NA,128,145,137,165,217
1.064.009,NA,NA,NA,NA,NA,134,145,137,165,204
1.064.010,NA,NA,NA,NA,NA,128,145,137,165,217
1.064.011,NA,NA,148,NA,NA,128,145,137,165,217
1.064.012,NA,NA,148,NA,NA,134,145,137,165,217
1.064.013,NA,NA,NA,NA,NA,134,NA,137,NA,NA
1.064.014,NA,NA,NA,NA,NA,128,145,137,165,217
1.064.015,NA,NA,151,NA,NA,NA,NA,NA,NA,NA
1.064.017,NA,NA,148,NA,NA,128,145,134,165,217
1.064.018,NA,163,144,166,222,128,145,137,165,217
1.064.020,NA,NA,NA,NA,NA,134,NA,137,NA,NA
1.064.022,NA,163,144,170,222,128,145,134,165,NA
1.064.023,141,163,144,170,209,128,145,134,165,204
1.064.025,NA,NA,154,NA,NA,134,NA,137,NA,NA
1.064.026,144,NA,148,NA,209,134,145,137,165,217
1.064.027,NA,NA,148,NA,NA,134,NA,137,NA,NA
1.064.028,NA,NA,148,NA,NA,128,152,137,165,NA
1.064.029,144,166,148,173,226,128,145,134,165,217
1.064.030,NA,NA,148,NA,NA,134,145,140,165,217
1.064.031,NA,160,144,166,222,128,145,137,165,217
1.064.032,NA,NA,151,NA,NA,128,145,134,165,217
1.064.033,138,163,141,170,209,134,158,137,165,217
1.064.034,NA,NA,148,NA,NA,134,NA,NA,NA,NA
1.064.036,NA,NA,148,NA,NA,128,NA,137,NA,NA
1.064.037,NA,NA,166,NA,NA,128,145,137,165,217
1.064.038,NA,NA,170,NA,NA,128,NA,137,NA,NA
1.064.040,NA,NA,NA,NA,NA,134,NA,NA,NA,NA
1.064.041,NA,NA,148,NA,NA,NA,NA,NA,NA,NA
1.064.042,NA,NA,144,NA,NA,128,145,140,165,200
1.064.043,NA,NA,148,NA,NA,128,NA,137,NA,NA
1.064.044,NA,NA,NA,NA,NA,128,145,137,165,NA
1.064.045,NA,NA,NA,NA,NA,134,145,140,165,217
1.065.001,NA,NA,148,NA,NA,134,145,140,165,217
1.065.002,141,166,148,170,NA,128,145,140,165,200
1.065.004,NA,NA,148,NA,NA,128,152,134,NA,NA
1.065.005,NA,NA,NA,NA,NA,128,152,134,168,204
1.065.006,NA,163,144,170,209,128,145,137,165,193
1.065.008,144,NA,148,NA,NA,128,145,137,165,217
1.065.009,NA,NA,148,204,NA,128,145,137,165,204
1.065.010,NA,NA,148,NA,NA,128,145,134,165,NA
1.065.011,133,160,141,170,239,128,145,137,165,NA
1.065.012,NA,NA,148,NA,NA,128,NA,137,NA,NA
1.065.013,138,166,148,170,NA,128,145,137,165,193
1.065.014,133,163,141,166,222,128,NA,134,NA,NA
1.065.015,NA,NA,148,NA,NA,NA,NA,NA,NA,NA
1.065.016,NA,NA,148,NA,NA,128,145,137,165,NA
1.065.017,148,NA,151,NA,NA,128,145,137,165,NA
1.065.018,138,163,144,170,209,128,145,134,165,200
1.065.019,NA,NA,148,NA,NA,128,145,137,165,NA
1.065.020,138,163,144,170,209,128,145,137,165,200
1.065.022,NA,NA,148,NA,NA,134,145,137,165,217
1.065.023,NA,NA,148,NA,NA,128,145,137,165,200
1.065.024,NA,NA,148,NA,NA,128,145,137,165,217
1.065.025,133,160,144,166,222,128,145,137,165,217
1.065.026,NA,NA,148,NA,NA,134,145,140,165,200
1.065.027,141,NA,148,NA,NA,128,145,134,165,217
1.065.028,NA,163,148,170,222,128,145,134,165,217
1.065.029,NA,NA,141,NA,NA,128,145,137,165,200
1.065.030,NA,NA,148,NA,NA,128,152,134,165,NA
1.065.031,138,NA,151,NA,NA,128,145,137,165,200
1.065.032,NA,NA,148,NA,NA,128,145,137,165,217
1.065.033,NA,NA,148,NA,NA,NA,NA,NA,NA,NA
1.065.034,NA,NA,148,NA,NA,128,145,137,165,217
1.065.037,NA,NA,148,NA,NA,128,145,140,165,200
1.065.038,141,160,144,170,222,128,145,137,165,NA
1.065.039,NA,NA,141,NA,NA,128,145,134,165,NA
1.065.040,NA,NA,148,NA,NA,128,145,137,168,204
1.065.041,NA,NA,154,NA,NA,128,145,134,165,200
1.065.042,NA,NA,148,NA,NA,128,145,137,165,NA
1.065.043,NA,163,144,NA,NA,128,145,134,165,217
1.065.044,NA,NA,148,NA,NA,128,145,137,165,217
1.065.045,NA,NA,144,NA,NA,128,NA,134,165,NA
1.065.046,NA,163,141,166,215,128,145,137,165,NA
1.065.047,NA,NA,148,NA,229,128,NA,134,NA,NA
1.065.048,NA,166,144,NA,226,128,145,137,165,217
1.065.049,144,NA,148,NA,NA,128,145,140,165,217
1.066.001,NA,NA,NA,NA,NA,137,145,140,165,217
1.066.002,NA,NA,148,NA,NA,128,172,137,165,NA
1.066.004,NA,NA,NA,NA,NA,128,145,137,165,204
1.066.006,NA,NA,148,NA,NA,128,145,140,165,217
1.066.007,NA,NA,NA,NA,NA,128,NA,134,NA,NA
1.066.008,NA,NA,NA,NA,NA,128,NA,137,NA,NA
1.066.010,NA,NA,148,NA,NA,NA,NA,NA,NA,NA
1.066.011,133,163,148,170,NA,128,145,137,165,217
1.066.013,NA,NA,148,NA,NA,128,158,137,165,217
1.066.014,133,163,141,166,209,128,145,134,165,200
1.066.015,NA,166,148,170,215,128,145,137,165,217
1.066.016,NA,163,144,170,209,128,145,134,165,200
1.066.017,NA,NA,148,NA,NA,128,145,134,165,217
1.066.018,NA,NA,141,NA,NA,NA,NA,NA,NA,NA
1.066.019,NA,NA,148,NA,NA,128,NA,137,NA,NA
1.066.020,NA,NA,148,NA,NA,128,145,134,165,217
1.066.021,NA,NA,148,NA,NA,128,145,134,165,217
1.066.022,NA,NA,148,NA,NA,NA,NA,NA,NA,NA
1.066.023,NA,NA,148,NA,NA,134,145,137,165,217
1.066.024,NA,166,144,229,226,128,145,137,165,NA
1.066.025,NA,NA,NA,NA,NA,128,152,137,165,NA
1.066.026,NA,NA,148,NA,NA,NA,NA,NA,NA,NA
1.066.028,NA,NA,170,NA,NA,128,145,137,168,204
1.066.029,NA,NA,148,NA,NA,134,158,140,NA,NA
1.066.030,144,NA,148,NA,NA,128,145,137,165,217
1.066.031,NA,163,144,170,209,128,145,137,165,193
1.066.034,NA,NA,148,NA,NA,134,145,140,165,217
1.066.035,NA,166,144,170,215,128,145,134,165,217
1.066.036,NA,NA,148,NA,NA,128,145,137,165,NA
1.066.037,NA,NA,148,NA,NA,NA,NA,NA,NA,NA
1.066.038,NA,NA,158,NA,NA,NA,NA,NA,NA,NA
1.066.039,133,NA,148,NA,NA,NA,NA,NA,NA,NA
1.066.040,NA,NA,NA,NA,NA,137,NA,NA,NA,NA
1.066.041,NA,NA,148,NA,NA,128,145,137,165,NA
1.066.042,NA,NA,148,NA,NA,NA,NA,NA,NA,NA
1.066.043,NA,NA,148,NA,NA,NA,NA,NA,NA,NA
1.066.044,NA,NA,148,NA,NA,128,145,134,165,217
1.066.045,NA,NA,148,NA,NA,NA,NA,NA,NA,NA
1.066.046,NA,NA,144,NA,NA,128,145,137,165,217
1.066.047,NA,NA,148,NA,NA,NA,NA,NA,NA,NA
1.066.048,NA,NA,148,NA,NA,134,NA,137,NA,NA
1.066.050,138,NA,141,173,NA,128,145,134,165,204
1.066.051,138,163,144,170,209,128,145,137,165,217
1.066.052,NA,NA,NA,NA,NA,128,145,134,165,200
1.067.002,NA,166,148,NA,NA,128,145,137,165,NA
1.067.003,NA,163,148,170,235,128,145,134,165,204
1.067.004,NA,NA,148,NA,NA,128,145,137,165,200
1.067.005,NA,NA,148,NA,NA,128,145,137,165,NA
1.067.006,NA,NA,166,NA,NA,128,145,137,165,204
1.067.007,151,NA,158,NA,NA,128,145,140,165,217
1.067.008,NA,NA,148,NA,NA,128,145,137,165,217
1.067.010,NA,NA,148,NA,NA,NA,NA,NA,NA,NA
1.067.012,133,160,141,166,209,128,145,137,165,193
1.067.013,NA,NA,NA,NA,NA,128,145,134,165,NA
1.067.014,NA,NA,148,NA,NA,128,145,137,165,200
1.067.016,138,160,141,166,209,128,145,137,165,204
1.067.017,NA,160,141,NA,NA,128,145,137,165,NA
1.067.018,138,163,141,170,222,128,145,134,165,NA
1.067.019,NA,NA,148,NA,NA,128,145,134,165,NA
1.067.020,NA,170,144,181,229,128,145,137,165,NA
1.067.021,148,170,151,173,222,134,145,140,165,217
1.067.022,NA,NA,148,NA,NA,NA,NA,NA,NA,NA
1.067.023,NA,NA,NA,NA,NA,128,145,137,165,217
1.067.024,NA,NA,148,NA,NA,128,145,137,165,217
1.067.025,141,163,148,170,209,128,145,137,165,193
1.067.026,NA,NA,148,NA,NA,128,145,134,165,200
1.067.027,138,163,141,166,209,128,145,134,165,193
1.067.029,NA,NA,148,NA,NA,128,145,137,165,200
1.067.031,NA,NA,148,NA,NA,128,145,137,165,NA
1.067.032,133,177,141,170,215,128,145,137,165,217
1.067.033,NA,NA,148,NA,NA,128,145,134,165,200
1.067.034,133,160,141,226,222,128,145,137,165,NA
1.067.035,NA,NA,148,204,NA,128,145,140,165,204
1.067.036,144,NA,148,170,222,134,145,137,165,NA
1.067.037,138,163,144,170,222,128,NA,137,NA,NA
1.067.038,NA,NA,148,NA,NA,128,NA,137,NA,NA
1.067.039,NA,NA,148,NA,NA,NA,NA,NA,NA,NA
1.067.040,144,166,148,177,NA,128,145,137,165,204
1.067.041,141,NA,148,NA,NA,128,145,137,165,217
1.067.042,NA,NA,148,NA,NA,128,145,137,165,217
1.067.043,138,160,141,170,226,128,145,137,165,NA
1.067.044,NA,NA,148,NA,NA,128,145,140,165,NA
1.067.045,NA,NA,148,NA,NA,128,145,134,165,217
1.067.046,NA,NA,148,NA,NA,128,145,137,165,217
1.067.048,NA,NA,148,NA,NA,128,145,137,165,NA
1.067.050,133,160,141,170,226,128,145,137,165,NA
1.067.051,NA,NA,NA,NA,NA,128,145,137,165,217
1.067.053,133,NA,148,181,NA,128,145,134,196,193
1.068.002,NA,NA,141,NA,NA,NA,NA,NA,NA,NA
1.068.003,NA,NA,148,NA,NA,128,145,137,165,NA
1.068.004,NA,NA,148,NA,NA,137,NA,NA,NA,NA
1.068.005,NA,NA,148,NA,NA,NA,NA,NA,NA,NA
1.068.007,NA,NA,NA,NA,NA,NA,NA,137,NA,NA
1.068.010,133,160,141,170,209,128,145,137,165,217
1.068.012,NA,NA,148,NA,NA,128,145,137,165,200
1.068.014,NA,NA,NA,NA,NA,128,145,137,165,200
1.068.017,NA,NA,148,NA,NA,128,145,137,165,NA
1.068.018,NA,NA,158,NA,NA,128,145,137,165,217
1.068.019,138,160,144,181,222,128,145,137,165,217
1.068.021,NA,NA,148,NA,NA,NA,NA,NA,NA,NA
1.068.022,NA,NA,148,NA,NA,128,145,134,165,217
1.068.023,NA,NA,NA,NA,NA,128,145,137,165,NA
1.068.025,NA,NA,148,NA,NA,NA,NA,NA,NA,NA
1.068.026,141,NA,148,NA,NA,128,145,134,165,217
1.068.028,144,NA,148,NA,NA,128,NA,137,168,217
1.068.029,133,166,141,170,229,128,145,137,165,NA
1.068.030,NA,NA,148,NA,NA,128,145,137,165,217
1.068.031,NA,NA,148,NA,NA,134,NA,NA,NA,NA
1.068.032,133,160,141,170,NA,128,145,134,165,204
1.068.033,NA,NA,148,NA,NA,128,145,134,165,200
1.068.034,NA,NA,148,NA,NA,NA,NA,NA,NA,NA
1.068.035,NA,NA,148,NA,NA,128,145,137,165,217
1.068.036,138,163,141,170,226,128,145,134,165,217
1.068.037,NA,NA,148,NA,NA,128,145,137,165,217
1.068.039,NA,NA,141,NA,NA,128,NA,137,165,NA
1.068.040,NA,NA,148,NA,NA,128,NA,137,165,NA
1.068.041,NA,NA,148,NA,NA,NA,NA,NA,NA,NA
1.068.042,NA,NA,148,NA,NA,128,145,137,165,217
1.068.043,NA,NA,NA,NA,NA,128,145,137,165,200
1.068.044,NA,NA,158,NA,NA,NA,NA,NA,NA,NA
1.068.045,NA,NA,148,NA,NA,128,NA,137,NA,NA
1.068.046,NA,NA,NA,NA,NA,128,145,137,165,217
1.068.048,141,160,144,170,NA,128,145,137,165,NA
1.068.049,NA,NA,148,NA,NA,128,145,137,165,217
1.068.051,138,160,141,170,222,128,145,137,165,217
1.068.052,NA,NA,141,NA,NA,128,145,137,165,217
1.068.053,141,160,148,170,215,128,145,137,165,217
1.068.054,NA,NA,148,NA,NA,128,145,137,165,200
1.068.055,NA,NA,NA,NA,NA,128,145,137,165,188
1.068.056,NA,NA,NA,NA,NA,128,NA,140,NA,NA
1.068.057,133,160,141,166,215,128,145,134,165,217
1.068.058,NA,NA,148,204,209,128,145,137,165,NA
1.068.059,NA,166,148,229,226,128,145,137,165,NA
1.069.001,NA,NA,NA,NA,NA,128,145,137,165,217
1.069.002,NA,NA,148,NA,NA,NA,NA,NA,NA,NA
1.069.004,NA,NA,170,NA,NA,128,NA,NA,NA,NA
1.069.007,NA,NA,NA,NA,NA,128,145,137,165,200
1.069.011,138,NA,NA,NA,NA,128,145,137,165,200
1.069.012,NA,NA,148,NA,NA,128,145,137,165,217
1.069.013,138,160,141,170,222,128,152,134,165,217
1.069.014,NA,NA,158,NA,NA,128,145,134,165,204
1.069.015,133,NA,148,NA,NA,128,145,137,165,NA
1.069.016,NA,NA,158,NA,NA,128,145,137,165,NA
1.069.017,NA,NA,NA,NA,NA,128,145,140,165,217
1.069.019,NA,NA,NA,NA,NA,128,145,137,165,NA
1.069.020,NA,NA,166,NA,NA,128,NA,137,NA,NA
1.069.021,NA,NA,148,NA,NA,128,145,137,165,200
1.069.022,NA,NA,NA,NA,NA,128,145,137,NA,NA
1.069.023,144,NA,151,177,209,128,145,134,165,200
1.069.024,NA,NA,158,NA,NA,128,145,137,NA,NA
1.069.026,NA,NA,148,NA,NA,128,145,134,165,NA
1.069.027,NA,NA,148,NA,NA,128,145,137,165,217
1.069.028,NA,NA,NA,NA,NA,NA,NA,137,NA,NA
1.069.029,NA,NA,NA,NA,NA,128,NA,137,NA,NA
1.069.030,138,163,141,170,204,128,145,134,165,NA
1.069.031,NA,NA,148,NA,NA,128,152,137,165,NA
1.069.032,NA,NA,NA,NA,NA,128,145,134,165,217
1.069.033,NA,NA,NA,NA,NA,128,145,140,165,NA
1.069.034,NA,NA,NA,NA,NA,128,145,137,165,217
1.069.035,NA,NA,148,NA,NA,128,145,137,165,200
1.069.036,NA,NA,NA,NA,NA,128,145,137,165,200
1.069.037,NA,NA,NA,NA,NA,128,152,137,165,217
1.069.038,NA,NA,148,NA,NA,128,145,137,165,217
1.069.039,133,160,141,170,222,NA,NA,NA,NA,NA
1.069.043,NA,NA,NA,NA,NA,128,NA,137,NA,NA
1.069.044,NA,NA,144,173,209,128,152,137,165,NA
1.069.047,NA,NA,NA,NA,NA,128,NA,134,NA,NA
1.069.048,141,163,144,166,204,128,145,137,165,200
1.069.049,NA,163,141,170,226,128,145,134,165,NA
1.069.050,NA,NA,148,NA,NA,128,145,137,165,200
1.069.051,NA,170,148,204,NA,128,152,137,165,NA
1.069.052,NA,NA,NA,NA,NA,128,145,134,168,NA
1.069.053,NA,NA,148,NA,NA,128,145,137,165,217
1.069.054,NA,NA,151,NA,NA,128,152,137,165,217
1.069.055,NA,NA,148,NA,NA,128,145,137,165,NA
1.069.056,NA,NA,148,NA,NA,NA,NA,NA,NA,NA
1.069.057,NA,NA,148,NA,NA,128,NA,134,NA,NA
1.069.058,NA,NA,158,181,NA,128,145,137,165,204
1.069.059,NA,NA,NA,NA,NA,128,NA,137,NA,NA
1.069.060,NA,NA,NA,NA,NA,128,145,137,165,200
1.069.061,NA,NA,148,NA,NA,128,145,137,165,193
1.070.001,NA,NA,148,NA,NA,NA,152,152,168,217
1.070.002,144,NA,151,NA,NA,128,145,137,165,217
1.070.003,NA,NA,NA,NA,NA,128,145,134,165,NA
1.070.004,NA,NA,NA,NA,NA,128,145,134,165,NA
1.070.005,133,NA,148,195,222,128,145,137,165,217
1.070.007,NA,NA,NA,NA,NA,128,145,134,165,NA
1.070.008,133,NA,148,NA,NA,128,145,134,165,200
1.070.011,NA,NA,158,NA,NA,128,145,137,165,NA
1.070.013,141,NA,148,NA,NA,128,145,137,165,217
1.070.014,NA,NA,NA,NA,NA,128,145,137,165,NA
1.070.015,138,NA,148,NA,NA,128,145,137,165,204
1.070.016,NA,NA,141,NA,NA,128,145,137,217,204
1.070.018,NA,NA,NA,NA,NA,128,145,137,165,217
1.070.020,NA,NA,NA,NA,NA,128,NA,137,NA,NA
1.070.021,NA,NA,NA,NA,NA,128,145,137,165,188
1.070.022,NA,NA,NA,NA,NA,128,145,140,168,NA
1.070.023,NA,NA,138,NA,NA,128,145,140,165,217
1.070.024,NA,NA,160,NA,NA,NA,NA,NA,NA,NA
1.070.025,133,170,148,177,235,128,145,137,165,NA
1.070.026,NA,NA,NA,NA,NA,128,145,137,165,217
1.070.028,NA,NA,NA,NA,NA,128,145,137,165,217
1.070.029,NA,NA,NA,NA,NA,128,145,134,165,204
1.070.030,138,163,144,170,215,128,145,137,165,217
1.070.033,138,160,141,166,209,128,145,137,165,217
1.070.034,NA,160,144,166,226,128,145,137,165,217
1.070.035,NA,160,148,170,NA,128,NA,140,NA,NA
1.070.036,NA,NA,160,NA,NA,NA,NA,NA,NA,NA
1.070.038,NA,NA,NA,NA,NA,128,145,137,165,217
1.070.039,133,163,141,166,204,128,145,134,165,204
1.070.040,NA,NA,148,195,209,128,145,137,165,204
1.070.041,NA,195,141,170,209,128,145,137,165,204
1.070.042,NA,NA,NA,NA,NA,128,145,134,NA,NA
1.070.043,133,160,141,170,215,128,145,134,165,217
1.070.044,141,NA,NA,NA,NA,128,145,137,165,204
1.070.045,NA,NA,NA,NA,NA,128,145,137,165,204
1.070.046,NA,NA,NA,NA,NA,128,145,137,NA,NA
1.070.047,NA,NA,148,NA,NA,128,145,134,165,217
1.070.050,NA,NA,NA,NA,NA,128,152,137,165,217
1.070.051,NA,NA,148,NA,NA,128,NA,134,NA,217
1.070.052,133,160,144,170,NA,128,145,137,165,193
1.070.054,NA,163,163,NA,NA,NA,NA,NA,NA,NA
1.070.055,141,166,144,170,226,128,145,137,165,NA
1.070.056,NA,NA,158,NA,NA,128,145,134,165,217
1.070.057,NA,NA,NA,NA,NA,128,145,137,NA,NA
1.070.058,NA,NA,148,NA,NA,128,145,137,165,217
1.070.060,NA,NA,148,NA,NA,NA,NA,NA,NA,NA
1.070.062,NA,NA,160,NA,NA,128,152,137,165,NA
1.070.064,NA,NA,NA,NA,NA,128,152,134,165,217
1.070.065,138,160,141,170,204,128,145,137,165,200
1.070.066,NA,NA,148,NA,NA,128,152,134,165,217
1.070.067,NA,166,148,166,NA,128,168,168,168,217
1.071.001,NA,170,170,181,222,128,145,140,165,217
1.071.002,133,160,141,170,209,128,145,137,165,200
1.071.003,NA,NA,151,NA,NA,128,145,134,165,NA
1.071.004,NA,NA,NA,NA,NA,128,145,137,165,217
1.071.005,NA,NA,148,NA,NA,NA,NA,NA,NA,NA
1.071.007,NA,NA,NA,NA,NA,128,145,134,165,NA
1.071.008,NA,NA,148,209,NA,128,145,134,165,193
1.071.009,NA,NA,148,NA,NA,NA,NA,NA,NA,NA
1.071.010,NA,NA,148,NA,NA,128,145,137,165,217
1.071.011,NA,NA,158,NA,NA,NA,NA,NA,NA,NA
1.071.012,NA,NA,NA,NA,NA,128,168,134,165,217
1.071.013,NA,NA,NA,NA,NA,128,NA,137,NA,NA
1.071.014,NA,NA,148,NA,NA,128,145,134,165,217
1.071.015,NA,NA,151,NA,NA,NA,NA,NA,NA,NA
1.071.016,NA,NA,148,NA,NA,128,NA,137,168,NA
1.071.017,NA,NA,148,NA,NA,128,145,137,165,217
1.071.018,NA,NA,NA,NA,NA,128,145,134,165,200
1.071.019,NA,NA,138,NA,NA,128,145,134,165,217
1.071.021,NA,173,148,170,226,128,145,137,165,NA
1.071.022,NA,NA,148,NA,NA,134,152,137,165,217
1.071.024,NA,NA,NA,NA,NA,128,145,134,165,NA
1.071.027,NA,NA,NA,NA,NA,128,145,137,165,200
1.071.028,NA,NA,NA,NA,NA,128,145,137,165,NA
1.071.029,NA,160,138,166,209,128,145,134,165,217
1.071.030,133,NA,144,NA,NA,128,152,137,165,NA
1.071.031,NA,160,138,166,222,128,145,137,165,NA
1.071.032,NA,163,148,170,NA,NA,NA,NA,NA,NA
1.071.033,141,NA,148,NA,NA,128,145,137,165,217
1.071.034,NA,NA,151,NA,NA,128,145,137,165,NA
1.071.035,NA,NA,NA,NA,NA,128,145,137,165,NA
1.071.037,133,160,148,170,215,128,145,137,165,217
1.071.038,NA,NA,148,NA,NA,128,NA,217,NA,217
1.071.039,NA,NA,158,NA,NA,NA,NA,NA,NA,NA
1.071.040,NA,NA,166,NA,NA,128,145,137,165,NA
1.071.041,NA,NA,NA,NA,NA,128,NA,137,NA,NA
1.071.042,NA,NA,NA,NA,NA,128,168,137,165,217
1.071.043,NA,NA,138,NA,NA,NA,145,NA,165,200
1.071.044,NA,166,148,NA,NA,128,145,134,165,200
1.071.045,NA,NA,160,NA,NA,128,NA,145,NA,NA
1.071.046,NA,160,144,170,NA,128,145,134,165,204
1.071.047,141,163,144,170,222,128,145,137,165,217
1.071.049,NA,NA,NA,NA,NA,128,145,137,NA,NA
1.071.050,NA,170,148,177,NA,128,145,137,165,217
1.071.053,NA,160,144,166,215,128,145,137,165,217
1.071.054,NA,163,144,170,209,128,145,137,165,200
1.071.057,133,163,144,NA,NA,128,145,137,165,200
1.071.058,NA,NA,144,NA,NA,NA,NA,NA,NA,NA
1.071.059,141,163,144,170,204,128,145,137,165,204
1.071.060,NA,160,144,166,222,128,145,134,165,217
1.071.061,NA,NA,NA,NA,NA,128,145,137,165,204
1.071.062,NA,NA,151,NA,NA,NA,NA,NA,NA,NA
1.071.063,NA,NA,NA,NA,NA,137,NA,NA,NA,NA
1.071.064,133,160,138,170,222,128,145,134,165,217
1.071.065,NA,NA,222,NA,222,NA,NA,NA,NA,NA
1.071.066,NA,NA,NA,NA,NA,128,155,134,165,NA
1.071.067,NA,NA,148,NA,NA,128,145,137,165,NA
1.071.068,NA,NA,NA,NA,NA,128,145,137,165,200
1.071.069,NA,NA,148,NA,NA,128,145,137,165,NA
1.071.070,NA,170,148,177,NA,134,145,137,165,217
1.072.001,NA,NA,148,187,NA,137,145,140,165,217
1.072.002,NA,NA,NA,NA,NA,134,145,137,165,NA
1.072.003,NA,NA,NA,NA,NA,NA,145,128,165,NA
1.072.004,NA,NA,148,NA,NA,128,NA,137,NA,NA
1.072.005,NA,NA,NA,NA,NA,128,145,137,165,NA
1.072.006,133,163,144,170,NA,NA,NA,NA,NA,NA
1.072.007,NA,NA,163,NA,NA,128,145,134,165,200
1.072.008,NA,163,144,195,229,128,NA,137,NA,NA
1.072.009,NA,NA,166,181,NA,128,145,137,165,NA
1.072.010,NA,NA,148,NA,NA,128,145,137,165,217
1.072.011,144,NA,148,NA,NA,NA,145,NA,165,NA
1.072.012,NA,NA,NA,NA,NA,128,NA,140,165,NA
1.072.014,NA,NA,158,NA,NA,128,145,137,NA,NA
1.072.015,138,NA,151,NA,NA,128,145,134,165,217
1.072.018,NA,NA,NA,NA,NA,128,145,137,165,NA
1.072.019,NA,NA,NA,NA,NA,128,145,137,165,204
1.072.020,NA,NA,160,NA,NA,128,145,137,165,217
1.072.021,NA,NA,NA,NA,NA,128,152,137,165,NA
1.072.022,NA,NA,NA,NA,NA,128,145,137,165,217
1.072.023,NA,NA,NA,NA,NA,128,145,137,165,NA
1.072.024,NA,163,144,170,209,128,145,137,165,200
1.072.025,133,NA,148,NA,NA,128,145,137,165,217
1.072.026,NA,NA,163,NA,NA,NA,NA,NA,NA,NA
1.072.027,NA,NA,148,NA,NA,128,145,137,165,NA
1.072.029,NA,NA,NA,NA,NA,128,152,137,165,217
1.072.030,NA,NA,NA,NA,NA,128,145,137,165,217
1.072.031,NA,NA,151,NA,NA,128,145,134,165,217
1.072.032,NA,NA,148,NA,NA,134,152,137,172,NA
1.072.033,NA,NA,148,NA,NA,128,145,134,165,200
1.072.034,NA,NA,148,NA,NA,128,145,137,165,200
1.072.035,NA,NA,158,NA,NA,128,NA,145,NA,NA
1.072.036,138,NA,144,NA,NA,NA,NA,NA,NA,NA
1.072.037,138,160,141,170,222,128,145,134,165,217
1.072.038,NA,NA,151,NA,NA,128,152,137,168,217
1.072.040,NA,NA,151,NA,NA,NA,NA,NA,NA,NA
1.072.041,NA,NA,148,NA,NA,128,145,137,165,200
1.091.008,NA,NA,148,NA,NA,NA,NA,NA,NA,NA
1.091.009,NA,NA,148,NA,NA,NA,NA,NA,NA,NA
1.091.013,NA,158,141,170,209,NA,145,137,165,217
1.091.015,NA,NA,148,NA,NA,128,145,137,165,NA
1.091.016,141,158,144,170,209,128,145,134,165,200
1.091.017,NA,NA,158,NA,NA,NA,NA,NA,NA,NA
1.091.018,NA,NA,148,NA,NA,134,NA,140,NA,NA
1.091.019,141,158,144,170,204,128,145,137,165,217
1.091.021,144,163,148,170,NA,128,145,137,165,NA
1.091.022,NA,NA,141,NA,NA,NA,NA,NA,NA,NA
1.091.023,144,158,148,170,204,128,145,137,165,217
1.091.025,133,158,141,170,NA,128,145,137,165,NA
1.091.026,NA,158,141,166,222,128,145,137,165,217
1.091.027,NA,158,141,170,NA,128,145,134,165,217
1.091.028,NA,166,148,170,226,128,145,137,165,217
1.091.030,NA,NA,148,NA,NA,128,152,137,165,NA
1.091.031,NA,NA,NA,NA,NA,134,168,137,165,NA
1.091.032,NA,NA,NA,NA,NA,134,NA,137,NA,NA
1.091.033,NA,158,148,NA,NA,128,145,137,165,NA
1.091.034,133,163,144,170,222,128,145,137,165,NA
1.091.035,NA,158,141,166,204,128,145,134,165,217
1.091.036,138,158,144,166,204,128,145,137,165,217
1.091.037,NA,163,141,235,209,128,145,137,165,217
1.091.039,NA,NA,NA,NA,NA,128,145,137,NA,NA
1.091.040,138,158,141,170,226,128,145,137,165,NA
1.091.041,141,158,144,170,222,137,145,140,165,NA
1.091.043,NA,NA,151,NA,NA,128,NA,137,NA,NA
1.091.044,NA,158,144,177,NA,128,145,137,165,NA
1.091.045,NA,158,141,166,222,NA,NA,NA,NA,NA
1.091.046,NA,NA,158,NA,NA,134,145,140,165,200
1.091.047,133,158,141,170,204,128,145,137,165,204
1.091.048,NA,NA,141,NA,NA,128,145,137,165,217
1.091.049,NA,NA,148,NA,NA,128,145,137,165,NA
1.091.050,NA,158,144,177,239,NA,NA,NA,NA,NA
1.091.051,NA,NA,148,NA,NA,134,145,140,165,217
1.091.052,NA,NA,148,177,NA,128,145,137,165,NA
1.091.053,138,158,141,166,229,128,145,137,165,217
1.091.054,133,158,144,166,222,128,145,140,165,NA
1.091.055,133,158,141,170,222,128,145,137,165,NA
1.091.056,141,181,144,184,209,128,145,137,165,217
1.091.057,NA,NA,226,NA,226,128,NA,137,NA,NA
1.091.058,138,158,141,166,NA,128,145,134,165,217
1.091.059,NA,NA,148,NA,NA,128,145,134,165,NA
1.091.060,138,158,144,166,229,NA,NA,NA,NA,NA
1.091.061,133,NA,170,NA,NA,134,NA,137,NA,NA
1.091.063,138,158,144,170,226,128,145,137,165,NA
1.091.064,NA,NA,148,173,NA,128,145,137,165,217
1.091.065,138,158,144,166,204,128,145,134,165,193
1.091.066,NA,NA,148,NA,NA,128,145,137,165,193
1.091.068,NA,173,148,173,NA,137,145,140,165,217
1.091.069,NA,177,148,173,209,134,145,137,165,217
1.091.071,138,NA,151,NA,NA,NA,NA,NA,NA,NA
1.091.072,141,158,144,170,229,134,145,137,165,NA
1.091.073,NA,NA,148,NA,NA,128,145,134,165,217
1.091.074,138,158,144,170,222,128,145,137,165,NA
1.091.075,138,163,144,170,204,128,145,137,165,217
1.091.076,138,163,144,170,239,128,145,137,165,204
1.091.077,133,158,141,166,209,140,145,145,165,200
1.091.078,138,163,144,170,222,NA,152,NA,165,NA
1.091.079,133,158,141,166,204,134,145,140,165,217
1.091.084,NA,NA,144,NA,NA,128,145,137,165,NA
1.091.085,133,158,141,166,204,NA,NA,NA,NA,NA
1.091.087,133,158,144,166,222,NA,NA,NA,NA,NA
1.091.089,138,163,141,170,209,137,NA,NA,NA,NA
1.091.090,138,158,144,170,204,NA,NA,NA,NA,NA
1.091.091,138,158,144,235,229,NA,NA,NA,NA,NA
1.091.092,138,163,141,170,222,137,NA,NA,NA,NA
1.091.093,138,158,144,170,209,NA,NA,NA,NA,NA
1.091.094,138,158,141,170,204,137,145,140,165,217
1.091.095,141,158,144,166,226,134,145,140,165,217
1.091.096,NA,158,144,222,215,NA,145,137,165,217
1.091.097,NA,158,144,204,NA,128,152,137,165,NA
1.091.098,NA,160,141,166,215,128,145,137,165,217
1.091.099,NA,NA,148,NA,NA,NA,152,NA,165,NA
1.091.101,138,163,144,170,222,NA,NA,NA,NA,NA
1.091.102,NA,163,148,166,209,128,145,137,165,217
1.091.103,NA,166,148,170,NA,137,145,140,165,217
1.091.104,NA,163,141,170,215,137,152,140,165,NA
1.091.105,133,160,141,166,226,128,145,137,165,NA
1.091.106,NA,166,148,170,NA,134,152,140,165,NA
1.091.107,138,163,144,170,226,134,145,140,165,NA
1.091.109,NA,NA,148,NA,NA,128,145,137,165,NA
1.091.110,141,163,144,170,239,134,145,137,165,NA
1.091.111,NA,NA,151,NA,NA,134,145,137,165,NA
1.091.112,133,160,141,166,204,NA,NA,NA,NA,NA
1.091.114,138,NA,144,NA,NA,128,145,137,165,217
1.091.115,NA,NA,148,NA,NA,NA,155,NA,165,NA
1.091.116,NA,163,144,235,209,NA,NA,NA,NA,NA
1.091.117,138,160,141,166,204,NA,NA,NA,NA,NA
1.091.118,NA,163,148,215,209,NA,145,134,165,217
1.091.119,144,173,148,170,209,137,NA,NA,NA,NA
1.091.121,NA,166,144,195,NA,NA,NA,NA,NA,NA
1.091.122,NA,NA,144,NA,NA,128,NA,140,NA,NA
1.091.123,138,163,144,170,222,128,145,137,165,NA
1.093.016,NA,NA,170,NA,NA,NA,NA,NA,NA,NA
1.093.019,NA,163,148,170,NA,128,145,137,165,217
1.093.020,NA,160,141,170,222,128,145,137,165,NA
1.093.021,NA,166,148,170,NA,128,145,140,165,217
1.093.025,NA,NA,148,NA,NA,128,145,134,165,217
1.093.027,NA,163,148,170,NA,NA,NA,NA,NA,NA
1.093.028,NA,163,148,170,226,128,145,137,165,NA
1.093.029,133,166,144,170,NA,128,145,137,165,NA
1.093.030,NA,166,148,170,NA,134,NA,140,NA,NA
1.093.031,NA,NA,148,184,NA,NA,NA,NA,NA,NA
1.093.032,138,NA,181,181,NA,NA,NA,NA,NA,NA
1.093.033,133,NA,158,204,NA,128,145,137,165,217
1.093.034,144,NA,151,NA,NA,128,145,137,165,NA
1.093.035,NA,NA,NA,NA,NA,128,145,137,165,217
1.093.036,138,NA,148,NA,NA,134,145,137,165,217
1.093.037,NA,160,141,204,222,128,145,137,165,217
1.093.041,NA,NA,151,195,NA,134,145,140,165,NA
1.093.043,NA,NA,148,NA,NA,NA,NA,NA,NA,NA
1.093.044,144,NA,148,NA,NA,128,145,137,165,217
1.093.047,NA,NA,160,NA,NA,128,145,137,165,NA
1.093.048,138,166,141,170,215,128,145,140,165,217
1.093.049,138,160,144,166,215,NA,NA,NA,168,217
1.093.050,NA,163,144,166,215,NA,NA,NA,NA,NA
1.093.051,NA,NA,148,NA,NA,NA,NA,NA,NA,NA
1.093.052,NA,NA,148,NA,NA,NA,NA,NA,NA,NA
1.094.010,NA,NA,151,NA,NA,134,145,137,NA,NA
1.094.015,NA,NA,148,NA,NA,NA,NA,NA,NA,NA
1.094.016,NA,NA,NA,NA,NA,134,155,140,165,217
1.094.017,NA,NA,148,NA,NA,137,152,140,165,NA
1.094.020,133,NA,144,NA,NA,128,145,137,165,217
1.094.021,141,163,144,170,226,NA,NA,137,NA,217
1.094.022,138,163,144,170,222,128,145,137,165,217
1.094.023,144,170,158,173,NA,128,145,137,165,217
1.094.024,138,160,144,166,226,NA,NA,NA,NA,NA
1.094.026,141,160,144,222,215,128,145,137,165,217
1.094.029,NA,NA,NA,NA,NA,137,NA,140,168,NA
1.094.030,NA,163,144,170,226,128,145,137,165,NA
1.094.032,NA,173,148,177,NA,128,145,137,165,NA
1.094.034,NA,160,141,166,226,128,145,137,165,217
1.094.036,133,160,138,170,209,134,145,137,165,217
1.094.037,NA,NA,151,NA,NA,128,145,137,165,200
1.094.038,NA,NA,148,NA,NA,NA,NA,NA,NA,NA
1.094.040,NA,163,148,166,222,NA,NA,NA,NA,NA
1.094.041,148,177,151,181,NA,NA,NA,NA,NA,NA
1.094.042,NA,NA,NA,NA,NA,128,145,137,165,NA
1.094.044,NA,160,144,166,226,NA,NA,NA,NA,NA
1.094.045,141,160,158,166,NA,137,NA,140,NA,NA
1.094.046,NA,NA,158,NA,NA,137,NA,140,168,NA
1.094.047,NA,NA,NA,NA,NA,128,145,137,165,NA
1.096.058,133,160,141,166,209,128,145,134,165,217
1.096.060,NA,166,144,170,209,137,145,140,165,217
1.096.061,NA,NA,151,NA,NA,NA,145,137,165,217
1.096.062,NA,166,144,170,222,128,145,137,165,217
1.096.063,NA,NA,151,NA,NA,128,145,137,165,204
1.096.064,NA,163,144,166,204,134,145,137,165,204
1.096.065,NA,163,148,170,NA,137,145,140,165,NA
1.096.067,NA,163,144,170,209,128,145,137,165,200
1.096.068,NA,NA,148,NA,NA,NA,NA,NA,NA,NA
1.096.069,138,163,144,215,209,128,145,137,165,217
1.096.070,144,163,148,170,235,128,145,137,165,217
1.096.071,NA,NA,NA,NA,NA,137,165,145,168,NA
1.096.072,NA,NA,148,NA,NA,140,155,145,165,NA
1.096.073,NA,NA,151,NA,NA,128,145,137,165,200
1.096.074,NA,NA,NA,NA,NA,NA,NA,140,193,217
1.096.076,133,160,144,170,226,128,145,137,165,217
1.096.077,NA,160,148,170,226,134,145,137,165,NA
1.096.078,138,163,144,166,222,137,145,140,165,217
1.096.079,NA,NA,148,NA,NA,NA,NA,NA,NA,NA
1.096.080,141,163,148,170,NA,128,145,137,165,217
1.096.081,141,160,144,170,209,128,145,137,165,204
1.096.082,NA,170,151,NA,NA,NA,NA,NA,NA,NA
1.096.083,NA,163,141,222,215,128,152,137,168,NA
1.096.084,NA,NA,151,NA,NA,NA,NA,NA,NA,NA
1.096.089,NA,163,144,181,222,128,145,137,165,217
1.096.094,NA,NA,158,177,NA,134,152,137,165,217
1.096.095,138,163,144,170,204,128,145,137,165,200
1.096.096,NA,NA,NA,NA,NA,137,NA,140,NA,217
1.096.098,141,163,144,222,215,128,145,140,165,217
1.096.099,NA,NA,163,177,NA,128,155,137,165,NA
1.096.100,141,163,144,166,215,128,145,137,165,217
1.096.101,NA,163,148,170,204,128,145,137,165,217
1.096.102,133,160,141,166,222,128,145,134,165,217
1.096.105,NA,NA,148,NA,NA,NA,NA,NA,NA,NA
1.096.106,NA,NA,148,173,NA,134,152,137,168,217
1.096.107,151,NA,158,NA,NA,NA,NA,NA,NA,NA
1.096.108,133,NA,158,NA,NA,NA,NA,NA,NA,NA
1.096.111,NA,160,141,166,209,NA,NA,NA,NA,NA
1.096.112,133,163,144,166,204,128,145,137,165,NA
1.096.113,NA,NA,148,170,NA,134,152,140,165,NA
1.096.114,NA,NA,NA,NA,NA,137,NA,NA,NA,NA
1.096.115,138,163,141,166,229,134,145,137,165,NA
1.096.116,138,160,144,166,NA,140,155,152,165,NA
1.096.118,133,163,144,170,204,128,145,137,165,217
1.096.120,NA,163,144,166,239,134,145,137,165,217
1.096.122,138,163,144,166,222,128,145,137,165,217
1.096.123,NA,NA,144,173,NA,NA,NA,NA,NA,NA
1.096.124,NA,NA,160,NA,NA,NA,NA,NA,NA,NA
1.096.126,138,163,144,166,222,128,NA,217,NA,217
1.096.127,NA,163,141,204,NA,NA,NA,NA,NA,NA
1.096.129,138,160,141,170,226,128,145,140,165,NA
1.096.130,138,NA,144,NA,NA,NA,NA,NA,NA,NA
1.096.131,NA,163,148,166,NA,NA,NA,NA,NA,NA
1.097.011,133,NA,148,NA,NA,NA,NA,NA,NA,NA
1.097.013,NA,NA,148,NA,NA,NA,NA,NA,NA,NA
1.097.014,NA,NA,148,NA,NA,NA,NA,NA,NA,NA
1.097.015,NA,NA,148,195,204,134,155,140,165,217
1.097.016,NA,NA,148,NA,NA,137,145,140,165,217
1.097.017,NA,NA,151,NA,NA,NA,NA,NA,NA,NA
1.097.018,133,160,141,166,215,128,145,137,165,217
1.097.019,138,163,141,229,226,128,145,137,165,NA
1.097.020,138,160,141,170,NA,128,145,137,165,NA
1.097.021,133,158,141,NA,NA,128,145,137,165,200
1.097.022,NA,NA,148,NA,NA,NA,NA,NA,NA,NA
1.097.023,133,NA,148,NA,NA,NA,NA,217,NA,217
1.097.024,NA,NA,148,NA,NA,NA,NA,NA,NA,NA
1.097.025,138,NA,144,204,NA,128,145,137,165,NA
1.097.026,133,NA,144,NA,NA,NA,NA,NA,NA,NA
1.097.028,141,163,144,166,NA,128,145,137,165,NA
1.097.029,NA,NA,144,NA,NA,NA,NA,NA,NA,NA
1.097.030,144,166,148,184,222,128,152,140,165,NA
1.097.031,133,160,141,166,215,128,145,137,165,217
1.097.033,138,160,141,166,222,128,145,137,165,217
1.097.034,NA,163,144,170,215,NA,NA,NA,NA,NA
1.097.035,141,163,144,170,204,NA,NA,NA,NA,NA
1.097.036,138,160,144,166,229,128,145,137,165,NA
1.097.037,144,160,148,239,209,128,145,137,165,204
1.097.038,138,163,144,166,204,128,145,137,165,200
1.097.039,NA,NA,160,NA,NA,NA,NA,NA,NA,NA
1.097.041,138,160,144,166,209,128,145,137,165,217
1.097.042,NA,NA,148,NA,NA,128,145,137,165,217
1.097.043,NA,NA,NA,NA,NA,128,168,137,168,217
1.097.044,NA,163,141,166,226,128,145,137,165,NA
1.097.045,NA,166,148,170,226,134,145,140,165,NA
1.097.046,NA,NA,148,177,NA,128,145,137,165,217
1.097.047,141,160,144,166,222,128,145,137,165,217
1.097.048,141,NA,144,NA,NA,134,145,140,NA,NA
1.097.049,133,160,144,170,226,128,145,137,165,NA
1.097.050,NA,163,148,170,204,134,168,137,165,200
1.097.051,133,163,141,170,222,128,145,137,165,NA
1.097.052,133,160,144,166,222,128,145,137,165,NA
1.097.053,NA,NA,148,204,NA,128,145,137,165,217
1.097.054,NA,NA,158,NA,NA,NA,NA,NA,NA,NA
1.097.056,144,166,148,170,215,134,145,140,165,217
1.097.057,141,166,144,170,226,134,145,140,165,NA
1.097.059,NA,NA,148,NA,NA,NA,NA,NA,NA,NA
1.097.060,138,163,144,166,222,128,145,137,165,217
1.097.061,133,160,144,170,209,128,145,137,165,200
1.097.062,NA,166,148,215,209,128,145,137,165,200
1.097.063,NA,160,148,170,222,128,145,137,165,217
1.097.064,NA,NA,158,NA,NA,137,152,145,165,217
1.097.065,NA,163,141,170,239,134,145,137,165,217
1.097.066,138,160,144,166,229,128,145,137,165,217
1.097.067,133,160,141,166,226,128,145,137,165,NA
1.097.068,NA,170,148,195,NA,134,NA,137,NA,NA
1.097.069,144,166,148,170,226,134,145,137,165,NA
1.097.070,133,160,141,166,204,128,145,137,165,200
1.097.071,NA,163,144,181,NA,128,145,137,165,217
1.097.072,NA,NA,148,170,215,128,145,137,165,217
1.097.073,NA,NA,148,NA,NA,128,145,134,165,217
1.097.074,138,163,144,166,215,128,145,137,165,217
1.097.075,138,163,144,170,226,128,145,137,165,217
1.097.076,NA,NA,148,NA,NA,NA,NA,NA,NA,NA
1.097.078,138,160,144,166,222,NA,NA,NA,NA,NA
1.097.080,NA,NA,144,173,NA,134,145,137,165,217
1.097.081,NA,166,148,170,NA,134,145,137,165,217
1.097.082,NA,163,148,226,215,134,145,140,165,217
1.097.083,NA,NA,148,NA,NA,NA,NA,NA,NA,NA
1.097.084,NA,NA,148,NA,NA,NA,NA,NA,NA,NA
1.097.085,NA,NA,148,NA,NA,NA,NA,NA,NA,NA
1.097.086,NA,NA,148,NA,NA,NA,NA,NA,NA,NA
1.097.087,NA,NA,148,NA,NA,NA,NA,NA,NA,NA
1.097.088,138,160,144,NA,NA,NA,NA,NA,NA,NA
1.097.089,NA,NA,148,NA,NA,NA,NA,NA,NA,NA
1.097.090,NA,166,148,170,222,NA,NA,NA,NA,NA
1.097.091,144,166,148,166,204,NA,NA,NA,NA,NA
1.097.093,138,163,144,170,209,128,145,137,165,217
1.097.094,138,NA,144,NA,NA,128,145,134,165,200
1.097.096,NA,NA,170,NA,NA,NA,NA,NA,NA,NA
1.097.097,NA,NA,148,NA,NA,137,NA,NA,NA,NA
1.097.098,138,160,144,166,215,NA,NA,NA,168,217
1.097.099,NA,NA,148,NA,NA,NA,NA,NA,NA,NA
1.097.100,NA,160,141,226,222,128,145,137,165,217
1.097.101,NA,163,141,170,235,134,145,140,165,217
1.097.102,NA,163,141,166,215,128,145,137,165,217
1.097.103,NA,NA,144,NA,NA,NA,NA,NA,NA,NA
1.097.104,NA,163,148,170,222,128,145,137,165,217
1.097.105,133,163,148,170,222,134,145,140,165,217
1.097.106,133,160,144,166,204,134,145,137,165,200
1.097.108,133,163,144,166,222,128,145,137,165,217
1.097.109,NA,NA,148,NA,NA,NA,NA,NA,NA,NA
1.097.110,144,NA,148,NA,NA,NA,NA,NA,NA,NA
1.097.111,138,160,141,166,235,128,145,137,165,217
1.097.112,133,163,141,166,215,128,145,137,165,217
1.097.113,138,166,144,170,204,134,145,140,165,217
1.097.114,138,163,144,166,235,134,145,140,165,217
1.097.115,138,160,144,166,226,134,145,137,165,217
1.097.116,NA,NA,148,173,NA,NA,NA,NA,NA,NA
1.097.117,NA,NA,148,NA,NA,NA,145,137,165,217
1.097.118,NA,163,144,239,235,128,145,137,165,217
1.097.119,NA,160,144,170,222,NA,NA,NA,NA,NA
1.097.120,141,163,144,170,NA,NA,NA,NA,NA,NA
1.097.121,138,163,144,170,215,137,145,140,165,217
1.097.123,133,160,141,166,NA,128,145,137,165,217
1.097.124,144,163,148,170,226,134,NA,217,NA,217
1.097.125,141,163,144,170,226,NA,NA,NA,NA,NA
1.097.126,NA,NA,148,NA,NA,NA,NA,NA,NA,NA
1.097.129,NA,173,144,177,NA,128,145,137,165,217
1.098.011,NA,NA,NA,NA,NA,NA,NA,217,NA,217
1.098.014,NA,NA,148,NA,NA,NA,NA,NA,NA,NA
1.098.015,133,163,138,170,204,128,NA,217,NA,217
1.098.016,133,160,138,170,204,NA,NA,217,NA,217
1.098.017,NA,NA,148,NA,NA,NA,NA,217,NA,217
1.098.018,NA,NA,148,NA,NA,NA,NA,NA,NA,NA
1.098.019,NA,166,144,170,226,NA,NA,217,NA,217
1.098.022,NA,166,148,170,215,NA,NA,NA,NA,NA
1.098.023,NA,NA,148,NA,NA,NA,NA,NA,NA,NA
1.098.024,133,NA,144,NA,NA,NA,NA,NA,NA,NA
1.098.025,NA,NA,148,NA,NA,128,145,137,165,217
1.098.026,144,166,148,173,215,128,145,137,165,217
