Latitude,Longitude,Date,Year,Month,Day,Max_Temp_F,Min_Temp_F,Avg_Temp
46.897,-96.812,2017-12-19,2017,12,19,34.711,10.742,22.727
46.897,-96.812,2017-12-20,2017,12,20,16.016,10.58,13.298
46.897,-96.812,2017-12-21,2017,12,21,13.19,-6.358,3.416
46.897,-96.812,2017-12-22,2017,12,22,20.597,-6.214,7.192
46.897,-96.812,2017-12-23,2017,12,23,21.294,2.318,11.806
46.897,-96.812,2017-12-24,2017,12,24,8.924,-7.798,0.563
46.897,-96.812,2017-12-25,2017,12,25,-0.562,-17.104,-8.833
46.897,-96.812,2017-12-26,2017,12,26,-6.898,-16.834,-11.866
46.897,-96.812,2017-12-27,2017,12,27,7.754,-18.04,-5.143
46.897,-96.812,2017-12-28,2017,12,28,8.996,-13.612,-2.308
46.897,-96.812,2017-12-29,2017,12,29,-3.748,-16.528,-10.138
46.897,-96.812,2017-12-30,2017,12,30,-15.142,-24.52,-19.831
46.897,-96.812,2017-12-31,2017,12,31,-9.22,-24.43,-16.825
46.897,-96.812,2018-01-01,2018,1,1,-5.134,-17.698,-11.416
46.897,-96.812,2018-01-02,2018,1,2,16.43,-12.334,2.048
46.897,-96.812,2018-01-03,2018,1,3,-0.328,-9.616,-4.972
46.897,-96.812,2018-01-04,2018,1,4,3.902,-12.424,-4.261
46.897,-96.812,2018-01-05,2018,1,5,0.644,-22.396,-10.876
46.897,-96.812,2018-01-06,2018,1,6,17.114,-7.222,4.946
46.897,-96.812,2018-01-07,2018,1,7,34.54,15.404,24.972
46.897,-96.812,2018-01-08,2018,1,8,31.163,22.896,27.03
46.897,-96.812,2018-01-09,2018,1,9,37.166,26.465,31.816
46.897,-96.812,2018-01-10,2018,1,10,35.395,0.248,17.822
46.897,-96.812,2018-01-11,2018,1,11,1.022,-13.864,-6.421
46.897,-96.812,2018-01-12,2018,1,12,-3.856,-18.796,-11.326
46.897,-96.812,2018-01-13,2018,1,13,-0.472,-17.86,-9.166
46.897,-96.812,2018-01-14,2018,1,14,16.52,-4.414,6.053
46.897,-96.812,2018-01-15,2018,1,15,-3.046,-13.018,-8.032
46.897,-96.812,2018-01-16,2018,1,16,6.134,-16.33,-5.098
46.897,-96.812,2018-01-17,2018,1,17,33.343,3.686,18.515
46.897,-96.812,2018-01-18,2018,1,18,34.284,21.036,27.66
46.897,-96.812,2018-01-19,2018,1,19,41.58,27.3,34.44
46.897,-96.812,2018-01-20,2018,1,20,39.619,24.699,32.159
46.897,-96.812,2018-01-21,2018,1,21,29.8,16.7,23.25
46.897,-96.812,2018-01-22,2018,1,22,27.406,23.067,25.237
46.897,-96.812,2018-01-23,2018,1,23,24.521,18.813,21.667
46.897,-96.812,2018-01-24,2018,1,24,25.696,20.52,23.108
46.897,-96.812,2018-01-25,2018,1,25,29.952,20.352,25.152
46.897,-96.812,2018-01-26,2018,1,26,33.172,21.036,27.104
46.897,-96.812,2018-01-27,2018,1,27,22.064,0.536,11.3
46.897,-96.812,2018-01-28,2018,1,28,2.786,-3.208,-0.211
46.897,-96.812,2018-01-29,2018,1,29,8.546,-7.708,0.419
46.897,-96.812,2018-01-30,2018,1,30,34.223,2.912,18.568
46.897,-96.812,2018-01-31,2018,1,31,25.264,-2.11,11.577
46.897,-96.812,2018-02-01,2018,2,1,1.76,-7.798,-3.019
46.897,-96.812,2018-02-02,2018,2,2,16.52,-7.294,4.613
46.897,-96.812,2018-02-03,2018,2,3,15.494,-11.398,2.048
46.897,-96.812,2018-02-04,2018,2,4,3.38,-15.556,-6.088
46.897,-96.812,2018-02-05,2018,2,5,5.576,-6.97,-0.697
46.897,-96.812,2018-02-06,2018,2,6,9.878,-11.65,-0.886
46.897,-96.812,2018-02-07,2018,2,7,6.944,-10.966,-2.011
46.897,-96.812,2018-02-08,2018,2,8,0.644,-13.504,-6.43
46.897,-96.812,2018-02-09,2018,2,9,4.496,-15.214,-5.359
46.897,-96.812,2018-02-10,2018,2,10,10.796,-8.572,1.112
46.897,-96.812,2018-02-11,2018,2,11,13.244,-5.692,3.776
46.897,-96.812,2018-02-12,2018,2,12,7.16,-15.718,-4.279
46.897,-96.812,2018-02-13,2018,2,13,28.044,6.386,17.215
46.897,-96.812,2018-02-14,2018,2,14,40.986,15.242,28.114
46.897,-96.812,2018-02-15,2018,2,15,33.685,-1.336,16.175
46.897,-96.812,2018-02-16,2018,2,16,27.234,-1.678,12.778
46.897,-96.812,2018-02-17,2018,2,17,25.099,12.29,18.695
46.897,-96.812,2018-02-18,2018,2,18,20.437,7.754,14.096
46.897,-96.812,2018-02-19,2018,2,19,9.032,3.074,6.053
46.897,-96.812,2018-02-20,2018,2,20,10.85,1.634,6.242
46.897,-96.812,2018-02-21,2018,2,21,13.082,-4.144,4.469
46.897,-96.812,2018-02-22,2018,2,22,24.35,1.472,12.911
46.897,-96.812,2018-02-23,2018,2,23,21.27,4.37,12.82
46.897,-96.812,2018-02-24,2018,2,24,18.298,-3.64,7.329
46.897,-96.812,2018-02-25,2018,2,25,28.899,6.764,17.832
46.897,-96.812,2018-02-26,2018,2,26,33.514,8.78,21.147
46.897,-96.812,2018-02-27,2018,2,27,26.847,8.942,17.895
46.897,-96.812,2018-02-28,2018,2,28,32.119,0.698,16.409
46.897,-96.812,2018-03-01,2018,3,1,31.242,6.908,19.075
46.897,-96.812,2018-03-02,2018,3,2,37.355,11.48,24.418
46.897,-96.812,2018-03-03,2018,3,3,43.286,32.317,37.802
46.897,-96.812,2018-03-04,2018,3,4,40.842,35.908,38.375
46.897,-96.812,2018-03-05,2018,3,5,37.789,27.064,32.427
46.897,-96.812,2018-03-06,2018,3,6,28.09,3.164,15.627
46.897,-96.812,2018-03-07,2018,3,7,20.478,-1.93,9.274
46.897,-96.812,2018-03-08,2018,3,8,26.247,3.974,15.111
46.897,-96.812,2018-03-09,2018,3,9,29.07,5.36,17.215
46.897,-96.812,2018-03-10,2018,3,10,35.431,25.61,30.521
46.897,-96.812,2018-03-11,2018,3,11,30.632,16.088,23.36
46.897,-96.812,2018-03-12,2018,3,12,30.693,7.016,18.855
46.897,-96.812,2018-03-13,2018,3,13,32.558,7.448,20.003
46.897,-96.812,2018-03-14,2018,3,14,32.974,16.43,24.702
46.897,-96.812,2018-03-15,2018,3,15,36.199,9.284,22.742
46.897,-96.812,2018-03-16,2018,3,16,40.986,16.268,28.627
46.897,-96.812,2018-03-17,2018,3,17,36.199,9.212,22.706
46.897,-96.812,2018-03-18,2018,3,18,36.97,30.609,33.79
46.897,-96.812,2018-03-19,2018,3,19,39.279,31.89,35.585
46.897,-96.812,2018-03-20,2018,3,20,32.659,27.653,30.156
46.897,-96.812,2018-03-21,2018,3,21,36.763,29.53,33.147
46.897,-96.812,2018-03-22,2018,3,22,39.533,31.719,35.626
46.897,-96.812,2018-03-23,2018,3,23,39.13,29.082,34.106
46.897,-96.812,2018-03-24,2018,3,24,37.251,26.038,31.645
46.897,-96.812,2018-03-25,2018,3,25,35.908,30.693,33.301
46.897,-96.812,2018-03-26,2018,3,26,34.027,28.819,31.423
46.897,-96.812,2018-03-27,2018,3,27,46.344,27.894,37.119
46.897,-96.812,2018-03-28,2018,3,28,40.696,25.525,33.111
46.897,-96.812,2018-03-29,2018,3,29,28.985,20.61,24.798
46.897,-96.812,2018-03-30,2018,3,30,24.755,9.752,17.254
46.897,-96.812,2018-03-31,2018,3,31,16.016,5.774,10.895
46.897,-96.812,2018-04-01,2018,4,1,24.402,7.754,16.078
46.897,-96.812,2018-04-02,2018,4,2,26.551,11.912,19.232
46.897,-96.812,2018-04-03,2018,4,3,18.043,6.044,12.044
46.897,-96.812,2018-04-04,2018,4,4,28.299,6.512,17.406
46.897,-96.812,2018-04-05,2018,4,5,27.192,13.388,20.29
46.897,-96.812,2018-04-06,2018,4,6,20.244,3.002,11.623
46.897,-96.812,2018-04-07,2018,4,7,23.085,4.964,14.025
46.897,-96.812,2018-04-08,2018,4,8,28.065,14.216,21.141
46.897,-96.812,2018-04-09,2018,4,9,29.953,21.938,25.946
46.897,-96.812,2018-04-10,2018,4,10,39.533,28.004,33.769
46.897,-96.812,2018-04-11,2018,4,11,41.499,27.149,34.324
46.897,-96.812,2018-04-12,2018,4,12,39.619,32.317,35.968
46.897,-96.812,2018-04-13,2018,4,13,36.763,29.359,33.061
46.897,-96.812,2018-04-14,2018,4,14,35.053,25.867,30.46
46.897,-96.812,2018-04-15,2018,4,15,34.626,23.756,29.191
46.897,-96.812,2018-04-16,2018,4,16,39.619,19.668,29.644
46.897,-96.812,2018-04-17,2018,4,17,44.892,26.65,35.771
46.897,-96.812,2018-04-18,2018,4,18,53.51,30.909,42.21
46.897,-96.812,2018-04-19,2018,4,19,57.056,28.267,42.662
46.897,-96.812,2018-04-20,2018,4,20,56.156,34.464,45.31
46.897,-96.812,2018-04-21,2018,4,21,62.258,32.866,47.562
46.897,-96.812,2018-04-22,2018,4,22,67.226,35.829,51.528
46.897,-96.812,2018-04-23,2018,4,23,66.452,39.67,53.061
46.897,-96.812,2018-04-24,2018,4,24,53.87,31.426,42.648
46.897,-96.812,2018-04-25,2018,4,25,66.11,30.956,48.533
46.897,-96.812,2018-04-26,2018,4,26,60.872,39.585,50.229
46.897,-96.812,2018-04-27,2018,4,27,54.374,34.731,44.553
46.897,-96.812,2018-04-28,2018,4,28,59.756,26.427,43.092
46.897,-96.812,2018-04-29,2018,4,29,73.706,42.822,58.264
46.897,-96.812,2018-04-30,2018,4,30,81.23,39.072,60.151
46.897,-96.812,2018-05-01,2018,5,1,46.49,36.507,41.499
46.897,-96.812,2018-05-02,2018,5,2,72.014,34.318,53.166
46.897,-96.812,2018-05-03,2018,5,3,73.562,40.442,57.002
46.897,-96.812,2018-05-04,2018,5,4,82.85,43.09,62.97
46.897,-96.812,2018-05-05,2018,5,5,82.526,57.11,69.818
46.897,-96.812,2018-05-06,2018,5,6,83.48,41.637,62.559
46.897,-96.812,2018-05-07,2018,5,7,88.178,46.332,67.255
46.897,-96.812,2018-05-08,2018,5,8,68.864,54.896,61.88
46.897,-96.812,2018-05-09,2018,5,9,69.98,39.072,54.526
46.897,-96.812,2018-05-10,2018,5,10,52.664,29.12,40.892
46.897,-96.812,2018-05-11,2018,5,11,65.21,31.595,48.403
46.897,-96.812,2018-05-12,2018,5,12,70.232,50.648,60.44
46.897,-96.812,2018-05-13,2018,5,13,77.666,52.088,64.877
46.897,-96.812,2018-05-14,2018,5,14,81.77,55.184,68.477
46.897,-96.812,2018-05-15,2018,5,15,84.848,51.53,68.189
46.897,-96.812,2018-05-16,2018,5,16,88.772,63.014,75.893
46.897,-96.812,2018-05-17,2018,5,17,68.216,54.626,61.421
46.897,-96.812,2018-05-18,2018,5,18,74.678,44.609,59.644
46.897,-96.812,2018-05-19,2018,5,19,66.416,41.209,53.813
46.897,-96.812,2018-05-20,2018,5,20,71.87,37.413,54.642
46.897,-96.812,2018-05-21,2018,5,21,74.174,51.278,62.726
46.897,-96.812,2018-05-22,2018,5,22,82.364,48.948,65.656
46.897,-96.812,2018-05-23,2018,5,23,82.454,64.04,73.247
46.897,-96.812,2018-05-24,2018,5,24,92.372,69.242,80.807
46.897,-96.812,2018-05-25,2018,5,25,94.838,63.176,79.007
46.897,-96.812,2018-05-26,2018,5,26,94.496,60.962,77.729
46.897,-96.812,2018-05-27,2018,5,27,82.292,63.356,72.824
46.897,-96.812,2018-05-28,2018,5,28,86.9,64.04,75.47
46.897,-96.812,2018-05-29,2018,5,29,90.41,67.964,79.187
46.897,-96.812,2018-05-30,2018,5,30,78.692,61.988,70.34
46.897,-96.812,2018-05-31,2018,5,31,81.338,58.156,69.747
46.897,-96.812,2018-06-01,2018,6,1,81.338,58.478,69.908
46.897,-96.812,2018-06-02,2018,6,2,66.596,56.858,61.727
46.897,-96.812,2018-06-03,2018,6,3,75.272,51.26,63.266
46.897,-96.812,2018-06-04,2018,6,4,87.242,51.692,69.467
46.897,-96.812,2018-06-05,2018,6,5,86.648,60.962,73.805
46.897,-96.812,2018-06-06,2018,6,6,74.426,56.858,65.642
46.897,-96.812,2018-06-07,2018,6,7,76.64,51.44,64.04
46.897,-96.812,2018-06-08,2018,6,8,81.338,61.646,71.492
46.897,-96.812,2018-06-09,2018,6,9,90.914,65.912,78.413
46.897,-96.812,2018-06-10,2018,6,10,85.712,64.796,75.254
46.897,-96.812,2018-06-11,2018,6,11,71.042,50.252,60.647
46.897,-96.812,2018-06-12,2018,6,12,73.994,46.562,60.278
46.897,-96.812,2018-06-13,2018,6,13,81.266,51.962,66.614
46.897,-96.812,2018-06-14,2018,6,14,84.506,64.04,74.273
46.897,-96.812,2018-06-15,2018,6,15,84.686,68.972,76.829
46.897,-96.812,2018-06-16,2018,6,16,75.272,62.924,69.098
46.897,-96.812,2018-06-17,2018,6,17,75.704,58.478,67.091
46.897,-96.812,2018-06-18,2018,6,18,79.808,55.85,67.829
46.897,-96.812,2018-06-19,2018,6,19,79.808,60.62,70.214
46.897,-96.812,2018-06-20,2018,6,20,83.228,58.586,70.907
46.897,-96.812,2018-06-21,2018,6,21,85.442,61.034,73.238
46.897,-96.812,2018-06-22,2018,6,22,84.164,65.066,74.615
46.897,-96.812,2018-06-23,2018,6,23,83.48,64.04,73.76
46.897,-96.812,2018-06-24,2018,6,24,80.924,65.138,73.031
46.897,-96.812,2018-06-25,2018,6,25,79.556,61.214,70.385
46.897,-96.812,2018-06-26,2018,6,26,83.66,65.228,74.444
46.897,-96.812,2018-06-27,2018,6,27,88.358,64.454,76.406
46.897,-96.812,2018-06-28,2018,6,28,88.952,67.37,78.161
46.897,-96.812,2018-06-29,2018,6,29,79.034,65.048,72.041
46.897,-96.812,2018-06-30,2018,6,30,78.872,63.176,71.024
46.897,-96.812,2018-07-01,2018,7,1,82.022,60.872,71.447
46.897,-96.812,2018-07-02,2018,7,2,81.428,60.206,70.817
46.897,-96.812,2018-07-03,2018,7,3,82.976,67.1,75.038
46.897,-96.812,2018-07-04,2018,7,4,84.938,63.176,74.057
46.897,-96.812,2018-07-05,2018,7,5,76.388,56.804,66.596
46.897,-96.812,2018-07-06,2018,7,6,78.782,59.522,69.152
46.897,-96.812,2018-07-07,2018,7,7,91.004,66.092,78.548
46.897,-96.812,2018-07-08,2018,7,8,88.358,67.442,77.9
46.897,-96.812,2018-07-09,2018,7,9,84.254,63.086,73.67
46.897,-96.812,2018-07-10,2018,7,10,83.048,66.506,74.777
46.897,-96.812,2018-07-11,2018,7,11,92.462,72.662,82.562
46.897,-96.812,2018-07-12,2018,7,12,82.022,64.112,73.067
46.897,-96.812,2018-07-13,2018,7,13,89.456,63.698,76.577
46.897,-96.812,2018-07-14,2018,7,14,88.952,66.848,77.9
46.897,-96.812,2018-07-15,2018,7,15,79.124,63.086,71.105
46.897,-96.812,2018-07-16,2018,7,16,80.24,58.01,69.125
46.897,-96.812,2018-07-17,2018,7,17,79.214,50.162,64.688
46.897,-96.812,2018-07-18,2018,7,18,83.39,65.75,74.57
46.897,-96.812,2018-07-19,2018,7,19,74.876,65.066,69.971
46.897,-96.812,2018-07-20,2018,7,20,76.64,61.988,69.314
46.897,-96.812,2018-07-21,2018,7,21,75.2,60.008,67.604
46.897,-96.812,2018-07-22,2018,7,22,83.138,65.408,74.273
46.897,-96.812,2018-07-23,2018,7,23,79.718,61.16,70.439
46.897,-96.812,2018-07-24,2018,7,24,82.706,56.318,69.512
46.897,-96.812,2018-07-25,2018,7,25,76.91,55.454,66.182
46.897,-96.812,2018-07-26,2018,7,26,72.05,54.176,63.113
46.897,-96.812,2018-07-27,2018,7,27,77.252,47.714,62.483
46.897,-96.812,2018-07-28,2018,7,28,81.518,51.098,66.308
46.897,-96.812,2018-07-29,2018,7,29,81.518,53.15,67.334
46.897,-96.812,2018-07-30,2018,7,30,84.938,55.292,70.115
46.897,-96.812,2018-07-31,2018,7,31,90.068,62.24,76.154
46.897,-96.812,2018-08-01,2018,8,1,64.112,48.992,56.552
46.897,-96.812,2018-08-02,2018,8,2,74.93,43.432,59.181
46.897,-96.812,2018-08-03,2018,8,3,80.924,63.086,72.005
46.897,-96.812,2018-08-04,2018,8,4,88.862,67.028,77.945
46.897,-96.812,2018-08-05,2018,8,5,85.028,61.376,73.202
46.897,-96.812,2018-08-06,2018,8,6,76.298,62.744,69.521
46.897,-96.812,2018-08-07,2018,8,7,85.622,52.182,68.902
46.897,-96.812,2018-08-08,2018,8,8,90.32,64.04,77.18
46.897,-96.812,2018-08-09,2018,8,9,87.836,57.848,72.842
46.897,-96.812,2018-08-10,2018,8,10,88.862,64.544,76.703
46.897,-96.812,2018-08-11,2018,8,11,92.282,62.744,77.513
46.897,-96.812,2018-08-12,2018,8,12,92.876,70.178,81.527
46.897,-96.812,2018-08-13,2018,8,13,92.876,66.434,79.655
46.897,-96.812,2018-08-14,2018,8,14,74.444,57.236,65.84
46.897,-96.812,2018-08-15,2018,8,15,80.276,49.784,65.03
46.897,-96.812,2018-08-16,2018,8,16,85.712,55.022,70.367
46.897,-96.812,2018-08-17,2018,8,17,81.968,54.921,68.445
46.897,-96.812,2018-08-18,2018,8,18,84.812,62.042,73.427
46.897,-96.812,2018-08-19,2018,8,19,71.582,62.294,66.938
46.897,-96.812,2018-08-20,2018,8,20,75.704,54.86,65.282
46.897,-96.812,2018-08-21,2018,8,21,77.18,52.617,64.899
46.897,-96.812,2018-08-22,2018,8,22,83.93,46.173,65.052
46.897,-96.812,2018-08-23,2018,8,23,79.124,58.172,68.648
46.897,-96.812,2018-08-24,2018,8,24,80.258,66.326,73.292
46.897,-96.812,2018-08-25,2018,8,25,82.652,61.79,72.221
46.897,-96.812,2018-08-26,2018,8,26,77.684,58.892,68.288
46.897,-96.812,2018-08-27,2018,8,27,70.34,53.888,62.114
46.897,-96.812,2018-08-28,2018,8,28,61.088,51.116,56.102
46.897,-96.812,2018-08-29,2018,8,29,74.426,48.776,61.601
46.897,-96.812,2018-08-30,2018,8,30,78.8,58.712,68.756
46.897,-96.812,2018-08-31,2018,8,31,80.024,67.928,73.976
46.897,-96.812,2018-09-01,2018,9,1,80.168,53.798,66.983
46.897,-96.812,2018-09-02,2018,9,2,74.066,54.518,64.292
46.897,-96.812,2018-09-03,2018,9,3,80.006,51.044,65.525
46.897,-96.812,2018-09-04,2018,9,4,77.846,57.902,67.874
46.897,-96.812,2018-09-05,2018,9,5,70.034,50.558,60.296
46.897,-96.812,2018-09-06,2018,9,6,73.508,41.78,57.644
46.897,-96.812,2018-09-07,2018,9,7,77.216,57.488,67.352
46.897,-96.812,2018-09-08,2018,9,8,75.56,55.166,65.363
46.897,-96.812,2018-09-09,2018,9,9,76.136,56.57,66.353
46.897,-96.812,2018-09-10,2018,9,10,80.708,55.981,68.345
46.897,-96.812,2018-09-11,2018,9,11,88.196,62.024,75.11
46.897,-96.812,2018-09-12,2018,9,12,86.108,52.286,69.197
46.897,-96.812,2018-09-13,2018,9,13,76.226,59.954,68.09
46.897,-96.812,2018-09-14,2018,9,14,77.882,51.458,64.67
46.897,-96.812,2018-09-15,2018,9,15,79.142,58.892,69.017
46.897,-96.812,2018-09-16,2018,9,16,94.118,53.042,73.58
46.897,-96.812,2018-09-17,2018,9,17,61.07,44.962,53.016
46.897,-96.812,2018-09-18,2018,9,18,66.668,41.743,54.206
46.897,-96.812,2018-09-19,2018,9,19,65.516,46.197,55.857
46.897,-96.812,2018-09-20,2018,9,20,56.012,45.367,50.69
46.897,-96.812,2018-09-21,2018,9,21,60.908,43.223,52.066
46.897,-96.812,2018-09-22,2018,9,22,70.232,45.037,57.635
46.897,-96.812,2018-09-23,2018,9,23,65.03,45.203,55.117
46.897,-96.812,2018-09-24,2018,9,24,60.224,48.326,54.275
46.897,-96.812,2018-09-25,2018,9,25,58.334,40.262,49.298
46.897,-96.812,2018-09-26,2018,9,26,63.698,38.611,51.155
46.897,-96.812,2018-09-27,2018,9,27,54.626,37.54,46.083
46.897,-96.812,2018-09-28,2018,9,28,48.344,31.197,39.771
46.897,-96.812,2018-09-29,2018,9,29,43.986,31.939,37.963
46.897,-96.812,2018-09-30,2018,9,30,46.144,35.069,40.607
46.897,-96.812,2018-10-01,2018,10,1,52.97,39.515,46.243
46.897,-96.812,2018-10-02,2018,10,2,56.768,43.221,49.995
46.897,-96.812,2018-10-03,2018,10,3,56.012,30.544,43.278
46.897,-96.812,2018-10-04,2018,10,4,45.405,25.055,35.23
46.897,-96.812,2018-10-05,2018,10,5,42.847,34.666,38.757
46.897,-96.812,2018-10-06,2018,10,6,38.629,33.098,35.864
46.897,-96.812,2018-10-07,2018,10,7,45.81,36.966,41.388
46.897,-96.812,2018-10-08,2018,10,8,42.84,39.191,41.016
46.897,-96.812,2018-10-09,2018,10,9,44.321,38.448,41.385
46.897,-96.812,2018-10-10,2018,10,10,39.927,30.627,35.277
46.897,-96.812,2018-10-11,2018,10,11,31.548,24.282,27.915
46.897,-96.812,2018-10-12,2018,10,12,45.156,20.745,32.951
46.897,-96.812,2018-10-13,2018,10,13,45.145,30.628,37.887
46.897,-96.812,2018-10-14,2018,10,14,35.013,28.98,31.997
46.897,-96.812,2018-10-15,2018,10,15,49.082,23.299,36.191
46.897,-96.812,2018-10-16,2018,10,16,46.306,31.287,38.797
46.897,-96.812,2018-10-17,2018,10,17,49.874,24.202,37.038
46.897,-96.812,2018-10-18,2018,10,18,73.508,35.568,54.538
46.897,-96.812,2018-10-19,2018,10,19,60.404,37.881,49.143
46.897,-96.812,2018-10-20,2018,10,20,39.961,27.417,33.689
46.897,-96.812,2018-10-21,2018,10,21,58.586,29.478,44.032
46.897,-96.812,2018-10-22,2018,10,22,52.808,24.867,38.838
46.897,-96.812,2018-10-23,2018,10,23,44.748,20.66,32.704
46.897,-96.812,2018-10-24,2018,10,24,54.14,31.699,42.92
46.897,-96.812,2018-10-25,2018,10,25,51.818,46.114,48.966
46.897,-96.812,2018-10-26,2018,10,26,51.908,41.169,46.539
46.897,-96.812,2018-10-27,2018,10,27,49.514,32.36,40.937
46.897,-96.812,2018-10-28,2018,10,28,50.846,33.593,42.22
46.897,-96.812,2018-10-29,2018,10,29,51.332,35.323,43.328
46.897,-96.812,2018-10-30,2018,10,30,54.878,33.427,44.153
46.897,-96.812,2018-10-31,2018,10,31,46.137,30.303,38.22
46.897,-96.812,2018-11-01,2018,11,1,45.412,23.056,34.234
46.897,-96.812,2018-11-02,2018,11,2,43.911,36.228,40.07
46.897,-96.812,2018-11-03,2018,11,3,44.994,34.579,39.787
46.897,-96.812,2018-11-04,2018,11,4,48.794,33.595,41.195
46.897,-96.812,2018-11-05,2018,11,5,42.764,32.108,37.436
46.897,-96.812,2018-11-06,2018,11,6,34.761,25.354,30.058
46.897,-96.812,2018-11-07,2018,11,7,25.696,18.111,21.904
46.897,-96.812,2018-11-08,2018,11,8,21.99,8.078,15.034
46.897,-96.812,2018-11-09,2018,11,9,16.502,9.806,13.154
46.897,-96.812,2018-11-10,2018,11,10,20.271,6.116,13.194
46.897,-96.812,2018-11-11,2018,11,11,21.186,14.666,17.926
46.897,-96.812,2018-11-12,2018,11,12,17.967,7.358,12.663
46.897,-96.812,2018-11-13,2018,11,13,21.45,7.754,14.602
46.897,-96.812,2018-11-14,2018,11,14,41.29,17.632,29.461
46.897,-96.812,2018-11-15,2018,11,15,39.236,24.139,31.688
46.897,-96.812,2018-11-16,2018,11,16,24.397,12.866,18.632
46.897,-96.812,2018-11-17,2018,11,17,13.676,-0.706,6.485
46.897,-96.812,2018-11-18,2018,11,18,24.814,7.34,16.077
46.897,-96.812,2018-11-19,2018,11,19,17.969,-1.534,8.218
46.897,-96.812,2018-11-20,2018,11,20,34.21,1.274,17.742
46.897,-96.812,2018-11-21,2018,11,21,25.311,12.776,19.044
46.897,-96.812,2018-11-22,2018,11,22,34.036,23.974,29.005
46.897,-96.812,2018-11-23,2018,11,23,34.117,24.222,29.17
46.897,-96.812,2018-11-24,2018,11,24,31.314,19.609,25.462
46.897,-96.812,2018-11-25,2018,11,25,20.021,6.026,13.024
46.897,-96.812,2018-11-26,2018,11,26,13.604,5.288,9.446
46.897,-96.812,2018-11-27,2018,11,27,15.818,0.266,8.042
46.897,-96.812,2018-11-28,2018,11,28,27.032,15.08,21.056
46.897,-96.812,2018-11-29,2018,11,29,32.801,26.607,29.704
46.897,-96.812,2018-11-30,2018,11,30,33.294,29.161,31.228
46.897,-96.812,2018-12-01,2018,12,1,30.502,22.656,26.579
46.897,-96.812,2018-12-02,2018,12,2,27.198,21.583,24.391
46.897,-96.812,2018-12-03,2018,12,3,23.715,20.35,22.033
46.897,-96.812,2018-12-04,2018,12,4,33.379,18.372,25.876
46.897,-96.812,2018-12-05,2018,12,5,23.239,13.19,18.215
46.897,-96.812,2018-12-06,2018,12,6,15.998,-2.848,6.575
46.897,-96.812,2018-12-07,2018,12,7,23.734,13.352,18.543
46.897,-96.812,2018-12-08,2018,12,8,28.607,7.592,18.1
46.897,-96.812,2018-12-09,2018,12,9,27.018,8.078,17.548
46.897,-96.812,2018-12-10,2018,12,10,35.028,13.352,24.19
46.897,-96.812,2018-12-11,2018,12,11,28.683,19.197,23.94
46.897,-96.812,2018-12-12,2018,12,12,28.279,24.96,26.62
46.897,-96.812,2018-12-13,2018,12,13,35.339,25.374,30.357
46.897,-96.812,2018-12-14,2018,12,14,38.329,23.157,30.743
46.897,-96.812,2018-12-15,2018,12,15,45,27.592,36.296
46.897,-96.812,2018-12-16,2018,12,16,37.985,17.796,27.891
46.897,-96.812,2018-12-17,2018,12,17,34.444,24.793,29.619
46.897,-96.812,2018-12-18,2018,12,18,40.307,14.847,27.577
46.897,-96.812,2018-12-19,2018,12,19,41.949,25.124,33.537
46.897,-96.812,2018-12-20,2018,12,20,30.245,19.033,24.639
46.897,-96.812,2018-12-21,2018,12,21,24.229,13.676,18.953
46.897,-96.812,2018-12-22,2018,12,22,32.792,22.901,27.847
46.897,-96.812,2018-12-23,2018,12,23,23.229,6.53,14.88
46.897,-96.812,2018-12-24,2018,12,24,22.24,6.278,14.259
46.897,-96.812,2018-12-25,2018,12,25,18.858,6.206,12.532
46.897,-96.812,2018-12-26,2018,12,26,24.903,3.254,14.079
46.897,-96.812,2018-12-27,2018,12,27,24.402,7.772,16.087
46.897,-96.812,2018-12-28,2018,12,28,8.096,-9.166,-0.535
46.897,-96.812,2018-12-29,2018,12,29,10.4,-10.714,-0.157
46.897,-96.812,2018-12-30,2018,12,30,26.395,9.5,17.948
46.897,-96.812,2018-12-31,2018,12,31,18.23,-14.242,1.994
46.897,-96.812,2019-01-01,2019,1,1,-0.94,-17.608,-9.274
46.897,-96.812,2019-01-02,2019,1,2,29.606,-6.862,11.372
46.897,-96.812,2019-01-03,2019,1,3,40.078,21.195,30.637
46.897,-96.812,2019-01-04,2019,1,4,41.142,25.147,33.145
46.897,-96.812,2019-01-05,2019,1,5,36.196,18.149,27.173
46.897,-96.812,2019-01-06,2019,1,6,33.726,14.774,24.25
46.897,-96.812,2019-01-07,2019,1,7,39.506,27.946,33.726
46.897,-96.812,2019-01-08,2019,1,8,28.686,4.316,16.501
46.897,-96.812,2019-01-09,2019,1,9,6.206,-1.102,2.552
46.897,-96.812,2019-01-10,2019,1,10,18.327,5.792,12.06
46.897,-96.812,2019-01-11,2019,1,11,19.231,8.942,14.087
46.897,-96.812,2019-01-12,2019,1,12,25.824,17.983,21.904
46.897,-96.812,2019-01-13,2019,1,13,26.638,22.431,24.535
46.897,-96.812,2019-01-14,2019,1,14,26.395,18.396,22.396
46.897,-96.812,2019-01-15,2019,1,15,26.803,-0.94,12.932
46.897,-96.812,2019-01-16,2019,1,16,6.152,-5.62,0.266
46.897,-96.812,2019-01-17,2019,1,17,9.338,-4.558,2.39
46.897,-96.812,2019-01-18,2019,1,18,2.264,-12.28,-5.008
46.897,-96.812,2019-01-19,2019,1,19,0.05,-16.06,-8.005
46.897,-96.812,2019-01-20,2019,1,20,2.984,-8.086,-2.551
46.897,-96.812,2019-01-21,2019,1,21,12.974,1.436,7.205
46.897,-96.812,2019-01-22,2019,1,22,13.946,-2.254,5.846
46.897,-96.812,2019-01-23,2019,1,23,15.188,-6.034,4.577
46.897,-96.812,2019-01-24,2019,1,24,8.438,-11.29,-1.426
46.897,-96.812,2019-01-25,2019,1,25,-6.862,-13.504,-10.183
46.897,-96.812,2019-01-26,2019,1,26,-1.678,-16.366,-9.022
46.897,-96.812,2019-01-27,2019,1,27,4.064,-19.75,-7.843
46.897,-96.812,2019-01-28,2019,1,28,5.36,-8.518,-1.579
46.897,-96.812,2019-01-29,2019,1,29,-6.394,-29.092,-17.743
46.897,-96.812,2019-01-30,2019,1,30,-19.822,-33.826,-26.824
46.897,-96.812,2019-01-31,2019,1,31,-0.346,-25.528,-12.937
46.897,-96.812,2019-02-01,2019,2,1,16.142,-0.67,7.736
46.897,-96.812,2019-02-02,2019,2,2,21.337,5.666,13.502
46.897,-96.812,2019-02-03,2019,2,3,14.072,-4.108,4.982
46.897,-96.812,2019-02-04,2019,2,4,-1.246,-10.516,-5.881
46.897,-96.812,2019-02-05,2019,2,5,0.248,-11.344,-5.548
46.897,-96.812,2019-02-06,2019,2,6,0.824,-3.046,-1.111
46.897,-96.812,2019-02-07,2019,2,7,-0.994,-10.84,-5.917
46.897,-96.812,2019-02-08,2019,2,8,-10.624,-23.566,-17.095
46.897,-96.812,2019-02-09,2019,2,9,3.236,-17.662,-7.213
46.897,-96.812,2019-02-10,2019,2,10,3.704,-17.41,-6.853
46.897,-96.812,2019-02-11,2019,2,11,21.326,-11.74,4.793
46.897,-96.812,2019-02-12,2019,2,12,20.012,-6.646,6.683
46.897,-96.812,2019-02-13,2019,2,13,14.738,-4.36,5.189
46.897,-96.812,2019-02-14,2019,2,14,8.474,-8.122,0.176
46.897,-96.812,2019-02-15,2019,2,15,0.824,-17.986,-8.581
46.897,-96.812,2019-02-16,2019,2,16,14.9,-10.516,2.192
46.897,-96.812,2019-02-17,2019,2,17,13.514,-2.542,5.486
46.897,-96.812,2019-02-18,2019,2,18,1.58,-10.102,-4.261
46.897,-96.812,2019-02-19,2019,2,19,10.04,-20.221,-5.091
46.897,-96.812,2019-02-20,2019,2,20,22.404,9.464,15.934
46.897,-96.812,2019-02-21,2019,2,21,20.377,4.766,12.572
46.897,-96.812,2019-02-22,2019,2,22,21.72,-3.694,9.013
46.897,-96.812,2019-02-23,2019,2,23,23.149,6.908,15.029
46.897,-96.812,2019-02-24,2019,2,24,11.678,-12.658,-0.49
46.897,-96.812,2019-02-25,2019,2,25,-4.522,-22.324,-13.423
46.897,-96.812,2019-02-26,2019,2,26,1.148,-14.044,-6.448
46.897,-96.812,2019-02-27,2019,2,27,5.198,-13.882,-4.342
46.897,-96.812,2019-02-28,2019,2,28,15.494,-5.008,5.243
46.897,-96.812,2019-03-01,2019,3,1,15.332,-8.212,3.56
46.897,-96.812,2019-03-02,2019,3,2,0.824,-16.762,-7.969
46.897,-96.812,2019-03-03,2019,3,3,-2.56,-18.814,-10.687
46.897,-96.812,2019-03-04,2019,3,4,8.978,-8.788,0.095
46.897,-96.812,2019-03-05,2019,3,5,12.686,-0.328,6.179
46.897,-96.812,2019-03-06,2019,3,6,11.966,-7.474,2.246
46.897,-96.812,2019-03-07,2019,3,7,12.74,-16.168,-1.714
46.897,-96.812,2019-03-08,2019,3,8,25.036,12.362,18.699
46.897,-96.812,2019-03-09,2019,3,9,29.494,20.574,25.034
46.897,-96.812,2019-03-10,2019,3,10,21.16,3.776,12.468
46.897,-96.812,2019-03-11,2019,3,11,20.993,-4.108,8.443
46.897,-96.812,2019-03-12,2019,3,12,38.07,17.276,27.673
46.897,-96.812,2019-03-13,2019,3,13,32.864,23.952,28.408
46.897,-96.812,2019-03-14,2019,3,14,32.704,24.444,28.574
46.897,-96.812,2019-03-15,2019,3,15,29.077,12.758,20.918
46.897,-96.812,2019-03-16,2019,3,16,26.294,-0.166,13.064
46.897,-96.812,2019-03-17,2019,3,17,32.468,15.71,24.089
46.897,-96.812,2019-03-18,2019,3,18,33.694,10.778,22.236
46.897,-96.812,2019-03-19,2019,3,19,35.746,28.164,31.955
46.897,-96.812,2019-03-20,2019,3,20,35.665,23.209,29.437
46.897,-96.812,2019-03-21,2019,3,21,39.466,22.878,31.172
46.897,-96.812,2019-03-22,2019,3,22,38.82,16.79,27.805
46.897,-96.812,2019-03-23,2019,3,23,40.284,20.982,30.633
46.897,-96.812,2019-03-24,2019,3,24,32.362,23.866,28.114
46.897,-96.812,2019-03-25,2019,3,25,32.14,19.504,25.822
46.897,-96.812,2019-03-26,2019,3,26,38.953,22.631,30.792
46.897,-96.812,2019-03-27,2019,3,27,43.668,32.344,38.006
46.897,-96.812,2019-03-28,2019,3,28,36.748,25.264,31.006
46.897,-96.812,2019-03-29,2019,3,29,42.832,23.779,33.306
46.897,-96.812,2019-03-30,2019,3,30,29.903,18.676,24.29
46.897,-96.812,2019-03-31,2019,3,31,38.304,23.7,31.002
46.897,-96.812,2019-04-01,2019,4,1,40.444,29.464,34.954
46.897,-96.812,2019-04-02,2019,4,2,40.176,30.205,35.191
46.897,-96.812,2019-04-03,2019,4,3,36.082,24.44,30.261
46.897,-96.812,2019-04-04,2019,4,4,39.619,28.638,34.129
46.897,-96.812,2019-04-05,2019,4,5,44.893,36.378,40.636
46.897,-96.812,2019-04-06,2019,4,6,52.97,38.768,45.869
46.897,-96.812,2019-04-07,2019,4,7,63.05,40.582,51.816
46.897,-96.812,2019-04-08,2019,4,8,60.566,39.025,49.796
46.897,-96.812,2019-04-09,2019,4,9,42.235,27.822,35.029
46.897,-96.812,2019-04-10,2019,4,10,36.901,27.901,32.401
46.897,-96.812,2019-04-11,2019,4,11,34.515,26.091,30.303
46.897,-96.812,2019-04-12,2019,4,12,30.556,26.008,28.282
46.897,-96.812,2019-04-13,2019,4,13,39.227,24.035,31.631
46.897,-96.812,2019-04-14,2019,4,14,39.877,23.209,31.543
46.897,-96.812,2019-04-15,2019,4,15,43.255,31.195,37.225
46.897,-96.812,2019-04-16,2019,4,16,63.878,34.741,49.31
46.897,-96.812,2019-04-17,2019,4,17,55.67,42.562,49.116
46.897,-96.812,2019-04-18,2019,4,18,55.202,39.187,47.195
46.897,-96.812,2019-04-19,2019,4,19,63.428,34.16,48.794
46.897,-96.812,2019-04-20,2019,4,20,66.902,46.436,56.669
46.897,-96.812,2019-04-21,2019,4,21,63.446,47.084,55.265
46.897,-96.812,2019-04-22,2019,4,22,65.012,44.037,54.525
46.897,-96.812,2019-04-23,2019,4,23,69.872,37.038,53.455
46.897,-96.812,2019-04-24,2019,4,24,74.192,49.676,61.934
46.897,-96.812,2019-04-25,2019,4,25,66.326,38.224,52.275
46.897,-96.812,2019-04-26,2019,4,26,56.552,29.827,43.19
46.897,-96.812,2019-04-27,2019,4,27,55.886,39.704,47.795
46.897,-96.812,2019-04-28,2019,4,28,49.37,38.464,43.917
46.897,-96.812,2019-04-29,2019,4,29,43.579,35.667,39.623
46.897,-96.812,2019-04-30,2019,4,30,46.652,36.16,41.406
46.897,-96.812,2019-05-01,2019,5,1,44.175,37.641,40.908
46.897,-96.812,2019-05-02,2019,5,2,56.624,33.609,45.117
46.897,-96.812,2019-05-03,2019,5,3,63.788,40.933,52.361
46.897,-96.812,2019-05-04,2019,5,4,54.32,37.065,45.693
46.897,-96.812,2019-05-05,2019,5,5,52.664,33.033,42.849
46.897,-96.812,2019-05-06,2019,5,6,48.38,28.344,38.362
46.897,-96.812,2019-05-07,2019,5,7,59.09,23.907,41.499
46.897,-96.812,2019-05-08,2019,5,8,52.394,44.148,48.271
46.897,-96.812,2019-05-09,2019,5,9,56.858,34.023,45.441
46.897,-96.812,2019-05-10,2019,5,10,63.374,29.325,46.35
46.897,-96.812,2019-05-11,2019,5,11,68.72,44.067,56.394
46.897,-96.812,2019-05-12,2019,5,12,63.95,47.12,55.535
46.897,-96.812,2019-05-13,2019,5,13,73.868,46.044,59.956
46.897,-96.812,2019-05-14,2019,5,14,74.03,51.656,62.843
46.897,-96.812,2019-05-15,2019,5,15,81.212,38.395,59.804
46.897,-96.812,2019-05-16,2019,5,16,62.96,45.066,54.013
46.897,-96.812,2019-05-17,2019,5,17,61.826,39.465,50.646
46.897,-96.812,2019-05-18,2019,5,18,52.088,43.414,47.751
46.897,-96.812,2019-05-19,2019,5,19,55.238,41.023,48.131
46.897,-96.812,2019-05-20,2019,5,20,65.804,33.867,49.836
46.897,-96.812,2019-05-21,2019,5,21,68.828,43.086,55.957
46.897,-96.812,2019-05-22,2019,5,22,52.412,46.13,49.271
46.897,-96.812,2019-05-23,2019,5,23,57.038,46.467,51.753
46.897,-96.812,2019-05-24,2019,5,24,69.08,50.504,59.792
46.897,-96.812,2019-05-25,2019,5,25,60.62,47.444,54.032
46.897,-96.812,2019-05-26,2019,5,26,67.838,42.015,54.927
46.897,-96.812,2019-05-27,2019,5,27,65.372,48.848,57.11
46.897,-96.812,2019-05-28,2019,5,28,72.212,38.971,55.592
46.897,-96.812,2019-05-29,2019,5,29,81.356,44.435,62.896
46.897,-96.812,2019-05-30,2019,5,30,90.59,53.889,72.24
46.897,-96.812,2019-05-31,2019,5,31,75.758,53.636,64.697
46.897,-96.812,2019-06-01,2019,6,1,70.808,43.759,57.284
46.897,-96.812,2019-06-02,2019,6,2,73.922,47.966,60.944
46.897,-96.812,2019-06-03,2019,6,3,89.222,58.352,73.787
46.897,-96.812,2019-06-04,2019,6,4,92.282,65.408,78.845
46.897,-96.812,2019-06-05,2019,6,5,83.156,58.748,70.952
46.897,-96.812,2019-06-06,2019,6,6,87.962,63.698,75.83
46.897,-96.812,2019-06-07,2019,6,7,95.72,67.046,81.383
46.897,-96.812,2019-06-08,2019,6,8,91.742,55.868,73.805
46.897,-96.812,2019-06-09,2019,6,9,69.962,51.926,60.944
46.897,-96.812,2019-06-10,2019,6,10,74.174,49.604,61.889
46.897,-96.812,2019-06-11,2019,6,11,78.818,54.086,66.452
46.897,-96.812,2019-06-12,2019,6,12,66.902,44.033,55.468
46.897,-96.812,2019-06-13,2019,6,13,75.434,49.28,62.357
46.897,-96.812,2019-06-14,2019,6,14,83.282,59.9,71.591
46.897,-96.812,2019-06-15,2019,6,15,66.956,56.606,61.781
46.897,-96.812,2019-06-16,2019,6,16,68.666,54.392,61.529
46.897,-96.812,2019-06-17,2019,6,17,64.562,51.494,58.028
46.897,-96.812,2019-06-18,2019,6,18,73.418,50.288,61.853
46.897,-96.812,2019-06-19,2019,6,19,74.57,52.43,63.5
46.897,-96.812,2019-06-20,2019,6,20,69.242,56.93,63.086
46.897,-96.812,2019-06-21,2019,6,21,74.57,56.858,65.714
46.897,-96.812,2019-06-22,2019,6,22,64.22,56.768,60.494
46.897,-96.812,2019-06-23,2019,6,23,77.81,56.426,67.118
46.897,-96.812,2019-06-24,2019,6,24,77.81,61.304,69.557
46.897,-96.812,2019-06-25,2019,6,25,80.384,57.416,68.9
46.897,-96.812,2019-06-26,2019,6,26,86.684,57.308,71.996
46.897,-96.812,2019-06-27,2019,6,27,79.448,64.436,71.942
46.897,-96.812,2019-06-28,2019,6,28,82.94,63.266,73.103
46.897,-96.812,2019-06-29,2019,6,29,84.074,64.976,74.525
46.897,-96.812,2019-06-30,2019,6,30,84.596,69.962,77.279
46.897,-96.812,2019-07-01,2019,7,1,82.76,65.822,74.291
46.897,-96.812,2019-07-02,2019,7,2,87.26,63.032,75.146
46.897,-96.812,2019-07-03,2019,7,3,85.874,64.67,75.272
46.897,-96.812,2019-07-04,2019,7,4,78.818,61.214,70.016
46.897,-96.812,2019-07-05,2019,7,5,75.164,61.142,68.153
46.897,-96.812,2019-07-06,2019,7,6,75.452,54.554,65.003
46.897,-96.812,2019-07-07,2019,7,7,81.914,53.726,67.82
46.897,-96.812,2019-07-08,2019,7,8,88.34,64.835,76.588
46.897,-96.812,2019-07-09,2019,7,9,76.154,64.436,70.295
46.897,-96.812,2019-07-10,2019,7,10,77.144,61.898,69.521
46.897,-96.812,2019-07-11,2019,7,11,83.012,59.072,71.042
46.897,-96.812,2019-07-12,2019,7,12,82.112,67.406,74.759
46.897,-96.812,2019-07-13,2019,7,13,84.236,68.792,76.514
46.897,-96.812,2019-07-14,2019,7,14,89.006,70.268,79.637
46.897,-96.812,2019-07-15,2019,7,15,89.456,73.148,81.302
46.897,-96.812,2019-07-16,2019,7,16,85.262,66.56,75.911
46.897,-96.812,2019-07-17,2019,7,17,84.29,67.064,75.677
46.897,-96.812,2019-07-18,2019,7,18,83.444,66.29,74.867
46.897,-96.812,2019-07-19,2019,7,19,83.102,66.11,74.606
46.897,-96.812,2019-07-20,2019,7,20,81.032,63.104,72.068
46.897,-96.812,2019-07-21,2019,7,21,75.2,57.326,66.263
46.897,-96.812,2019-07-22,2019,7,22,78.728,53.24,65.984
46.897,-96.812,2019-07-23,2019,7,23,83.93,60.368,72.149
46.897,-96.812,2019-07-24,2019,7,24,84.182,64.49,74.336
46.897,-96.812,2019-07-25,2019,7,25,85.892,67.406,76.649
46.897,-96.812,2019-07-26,2019,7,26,87.494,63.446,75.47
46.897,-96.812,2019-07-27,2019,7,27,85.028,62.888,73.958
46.897,-96.812,2019-07-28,2019,7,28,78.602,65.552,72.077
46.897,-96.812,2019-07-29,2019,7,29,73.058,55.094,64.076
46.897,-96.812,2019-07-30,2019,7,30,77.18,49.424,63.302
46.897,-96.812,2019-07-31,2019,7,31,83.534,62.456,72.995
46.897,-96.812,2019-08-01,2019,8,1,85.604,65.21,75.407
46.897,-96.812,2019-08-02,2019,8,2,82.688,68.144,75.416
46.897,-96.812,2019-08-03,2019,8,3,84.65,67.892,76.271
46.897,-96.812,2019-08-04,2019,8,4,85.046,66.2,75.623
46.897,-96.812,2019-08-05,2019,8,5,82.166,65.714,73.94
46.897,-96.812,2019-08-06,2019,8,6,86.72,61.43,74.075
46.897,-96.812,2019-08-07,2019,8,7,75.164,55.58,65.372
46.897,-96.812,2019-08-08,2019,8,8,74.48,51.494,62.987
46.897,-96.812,2019-08-09,2019,8,9,77.054,54.626,65.84
46.897,-96.812,2019-08-10,2019,8,10,77.936,63.23,70.583
46.897,-96.812,2019-08-11,2019,8,11,78.242,64.4,71.321
46.897,-96.812,2019-08-12,2019,8,12,67.352,58.676,63.014
46.897,-96.812,2019-08-13,2019,8,13,67.334,61.34,64.337
46.897,-96.812,2019-08-14,2019,8,14,76.568,60.242,68.405
46.897,-96.812,2019-08-15,2019,8,15,73.58,57.956,65.768
46.897,-96.812,2019-08-16,2019,8,16,82.67,56.876,69.773
46.897,-96.812,2019-08-17,2019,8,17,82.598,60.782,71.69
46.897,-96.812,2019-08-18,2019,8,18,73.652,53.006,63.329
46.897,-96.812,2019-08-19,2019,8,19,86.18,57.344,71.762
46.897,-96.812,2019-08-20,2019,8,20,75.452,57.2,66.326
46.897,-96.812,2019-08-21,2019,8,21,72.914,51.044,61.979
46.897,-96.812,2019-08-22,2019,8,22,75.596,50.648,63.122
46.897,-96.812,2019-08-23,2019,8,23,77.288,58.586,67.937
46.897,-96.812,2019-08-24,2019,8,24,80.024,63.176,71.6
46.897,-96.812,2019-08-25,2019,8,25,68.648,63.032,65.84
46.897,-96.812,2019-08-26,2019,8,26,73.364,58.964,66.164
46.897,-96.812,2019-08-27,2019,8,27,64.724,56.3,60.512
46.897,-96.812,2019-08-28,2019,8,28,71.816,51.116,61.466
46.897,-96.812,2019-08-29,2019,8,29,69.134,52.736,60.935
46.897,-96.812,2019-08-30,2019,8,30,71.402,48.236,59.819
46.897,-96.812,2019-08-31,2019,8,31,74.192,57.758,65.975
46.897,-96.812,2019-09-01,2019,9,1,72.806,60.656,66.731
46.897,-96.812,2019-09-02,2019,9,2,73.922,55.004,64.463
46.897,-96.812,2019-09-03,2019,9,3,66.038,49.982,58.01
46.897,-96.812,2019-09-04,2019,9,4,71.492,46.508,59
46.897,-96.812,2019-09-05,2019,9,5,76.73,55.562,66.146
46.897,-96.812,2019-09-06,2019,9,6,73.652,54.194,63.923
46.897,-96.812,2019-09-07,2019,9,7,57.758,51.836,54.797
46.897,-96.812,2019-09-08,2019,9,8,67.226,51.26,59.243
46.897,-96.812,2019-09-09,2019,9,9,62.744,57.974,60.359
46.897,-96.812,2019-09-10,2019,9,10,67.154,58.136,62.645
46.897,-96.812,2019-09-11,2019,9,11,66.308,57.326,61.817
46.897,-96.812,2019-09-12,2019,9,12,58.712,51.026,54.869
46.897,-96.812,2019-09-13,2019,9,13,65.138,50.288,57.713
46.897,-96.812,2019-09-14,2019,9,14,68.558,48.614,58.586
46.897,-96.812,2019-09-15,2019,9,15,84.956,56.03,70.493
46.897,-96.812,2019-09-16,2019,9,16,87.98,67.604,77.792
46.897,-96.812,2019-09-17,2019,9,17,89.312,71.816,80.564
46.897,-96.812,2019-09-18,2019,9,18,79.772,63.86,71.816
46.897,-96.812,2019-09-19,2019,9,19,82.004,56.966,69.485
46.897,-96.812,2019-09-20,2019,9,20,89.276,68.864,79.07
46.897,-96.812,2019-09-21,2019,9,21,79.052,56.39,67.721
46.897,-96.812,2019-09-22,2019,9,22,70.07,51.116,60.593
46.897,-96.812,2019-09-23,2019,9,23,77.594,50.9,64.247
46.897,-96.812,2019-09-24,2019,9,24,74.966,54.284,64.625
46.897,-96.812,2019-09-25,2019,9,25,65.678,49.964,57.821
46.897,-96.812,2019-09-26,2019,9,26,63.77,46.35,55.06
46.897,-96.812,2019-09-27,2019,9,27,58.244,39.832,49.038
46.897,-96.812,2019-09-28,2019,9,28,59.378,35.379,47.379
46.897,-96.812,2019-09-29,2019,9,29,57.524,50.144,53.834
46.897,-96.812,2019-09-30,2019,9,30,58.91,45.464,52.187
46.897,-96.812,2019-10-01,2019,10,1,46.742,41.664,44.203
46.897,-96.812,2019-10-02,2019,10,2,46.027,41.898,43.963
46.897,-96.812,2019-10-03,2019,10,3,44.976,37.141,41.059
46.897,-96.812,2019-10-04,2019,10,4,52.484,42.616,47.55
46.897,-96.812,2019-10-05,2019,10,5,52.16,45.419,48.79
46.897,-96.812,2019-10-06,2019,10,6,62.222,45.689,53.956
46.897,-96.812,2019-10-07,2019,10,7,67.1,40.291,53.696
46.897,-96.812,2019-10-08,2019,10,8,70.934,49.244,60.089
46.897,-96.812,2019-10-09,2019,10,9,67.19,40.537,53.864
46.897,-96.812,2019-10-10,2019,10,10,40.658,33.766,37.212
46.897,-96.812,2019-10-11,2019,10,11,33.847,31.581,32.714
46.897,-96.812,2019-10-12,2019,10,12,37.189,32.538,34.864
46.897,-96.812,2019-10-13,2019,10,13,43.786,33.494,38.64
46.897,-96.812,2019-10-14,2019,10,14,50.018,35.667,42.843
46.897,-96.812,2019-10-15,2019,10,15,45.199,39.063,42.131
46.897,-96.812,2019-10-16,2019,10,16,47.084,35.985,41.535
46.897,-96.812,2019-10-17,2019,10,17,60.962,36.738,48.85
46.897,-96.812,2019-10-18,2019,10,18,65.12,50.126,57.623
46.897,-96.812,2019-10-19,2019,10,19,59.864,42.868,51.366
46.897,-96.812,2019-10-20,2019,10,20,56.786,35.766,46.276
46.897,-96.812,2019-10-21,2019,10,21,52.736,40.545,46.641
46.897,-96.812,2019-10-22,2019,10,22,44.245,35.998,40.122
46.897,-96.812,2019-10-23,2019,10,23,41.437,29.259,35.348
46.897,-96.812,2019-10-24,2019,10,24,45.93,26.699,36.315
46.897,-96.812,2019-10-25,2019,10,25,58.874,33.044,45.959
46.897,-96.812,2019-10-26,2019,10,26,58.154,39.623,48.889
46.897,-96.812,2019-10-27,2019,10,27,40.467,29.901,35.184
46.897,-96.812,2019-10-28,2019,10,28,38.278,28.022,33.15
46.897,-96.812,2019-10-29,2019,10,29,31.73,22.847,27.289
46.897,-96.812,2019-10-30,2019,10,30,29.165,21.7,25.433
46.897,-96.812,2019-10-31,2019,10,31,42.413,19.287,30.85
46.897,-96.812,2019-11-01,2019,11,1,41.652,31.005,36.329
46.897,-96.812,2019-11-02,2019,11,2,38.538,29.622,34.08
46.897,-96.812,2019-11-03,2019,11,3,41.446,31.903,36.675
46.897,-96.812,2019-11-04,2019,11,4,36.441,18.181,27.311
46.897,-96.812,2019-11-05,2019,11,5,30.551,15.584,23.068
46.897,-96.812,2019-11-06,2019,11,6,26.694,18.082,22.388
46.897,-96.812,2019-11-07,2019,11,7,26.902,10.184,18.543
46.897,-96.812,2019-11-08,2019,11,8,35.134,18.696,26.915
46.897,-96.812,2019-11-09,2019,11,9,33.035,22.163,27.599
46.897,-96.812,2019-11-10,2019,11,10,22.147,11.75,16.949
46.897,-96.812,2019-11-11,2019,11,11,15.206,1.238,8.222
46.897,-96.812,2019-11-12,2019,11,12,23.241,1.292,12.267
46.897,-96.812,2019-11-13,2019,11,13,28.24,14.81,21.525
46.897,-96.812,2019-11-14,2019,11,14,45.41,9.86,27.635
46.897,-96.812,2019-11-15,2019,11,15,38.696,30.857,34.777
46.897,-96.812,2019-11-16,2019,11,16,46.121,35.92,41.021
46.897,-96.812,2019-11-17,2019,11,17,39.123,31.037,35.08
46.897,-96.812,2019-11-18,2019,11,18,41.427,32.956,37.192
46.897,-96.812,2019-11-19,2019,11,19,43.626,33.804,38.715
46.897,-96.812,2019-11-20,2019,11,20,41.283,31.014,36.149
46.897,-96.812,2019-11-21,2019,11,21,31.267,13.658,22.463
46.897,-96.812,2019-11-22,2019,11,22,40.617,14.216,27.417
46.897,-96.812,2019-11-23,2019,11,23,43.547,25.765,34.656
46.897,-96.812,2019-11-24,2019,11,24,46.562,29.815,38.189
46.897,-96.812,2019-11-25,2019,11,25,42.694,31.48,37.087
46.897,-96.812,2019-11-26,2019,11,26,31.971,30.025,30.998
46.897,-96.812,2019-11-27,2019,11,27,29.998,23.504,26.751
46.897,-96.812,2019-11-28,2019,11,28,25.558,21.544,23.551
46.897,-96.812,2019-11-29,2019,11,29,31.503,25.479,28.491
46.897,-96.812,2019-11-30,2019,11,30,31.998,23.131,27.565
46.897,-96.812,2019-12-01,2019,12,1,23.261,2.894,13.078
46.897,-96.812,2019-12-02,2019,12,2,24.249,6.404,15.327
46.897,-96.812,2019-12-03,2019,12,3,35.073,18.529,26.801
46.897,-96.812,2019-12-04,2019,12,4,33.625,20.212,26.919
46.897,-96.812,2019-12-05,2019,12,5,30.178,16.952,23.565
46.897,-96.812,2019-12-06,2019,12,6,24.98,7.592,16.286
46.897,-96.812,2019-12-07,2019,12,7,32.367,20.97,26.669
46.897,-96.812,2019-12-08,2019,12,8,30.153,8.042,19.098
46.897,-96.812,2019-12-09,2019,12,9,8.132,-6.394,0.869
46.897,-96.812,2019-12-10,2019,12,10,1.4,-16.384,-7.492
46.897,-96.812,2019-12-11,2019,12,11,3.56,-15.196,-5.818
46.897,-96.812,2019-12-12,2019,12,12,10.382,3.506,6.944
46.897,-96.812,2019-12-13,2019,12,13,16.214,5.738,10.976
46.897,-96.812,2019-12-14,2019,12,14,5.828,-13.9,-4.036
46.897,-96.812,2019-12-15,2019,12,15,21.537,-9.508,6.015
46.897,-96.812,2019-12-16,2019,12,16,23.751,-1.102,11.325
46.897,-96.812,2019-12-17,2019,12,17,24.111,-11.956,6.078
46.897,-96.812,2019-12-18,2019,12,18,12.272,-7.978,2.147
46.897,-96.812,2019-12-19,2019,12,19,18.597,3.038,10.818
46.897,-96.812,2019-12-20,2019,12,20,19.656,10.598,15.127
46.897,-96.812,2019-12-21,2019,12,21,31.861,15.008,23.435
46.897,-96.812,2019-12-22,2019,12,22,36.081,23.394,29.738
46.897,-96.812,2019-12-23,2019,12,23,28.733,14.108,21.421
46.897,-96.812,2019-12-24,2019,12,24,26.854,17.564,22.209
46.897,-96.812,2019-12-25,2019,12,25,23.925,20.268,22.097
46.897,-96.812,2019-12-26,2019,12,26,26.611,18.955,22.783
46.897,-96.812,2019-12-27,2019,12,27,26.532,12.668,19.6
46.897,-96.812,2019-12-28,2019,12,28,32.625,14.342,23.484
46.897,-96.812,2019-12-29,2019,12,29,32.794,15.926,24.36
46.897,-96.812,2019-12-30,2019,12,30,18.597,13.064,15.831
46.897,-96.812,2019-12-31,2019,12,31,15.98,-0.004,7.988
46.897,-96.812,2020-01-01,2020,1,1,31.051,9.968,20.51
46.897,-96.812,2020-01-02,2020,1,2,34.007,25.214,29.611
46.897,-96.812,2020-01-03,2020,1,3,29.165,11.768,20.467
46.897,-96.812,2020-01-04,2020,1,4,24.044,7.178,15.611
46.897,-96.812,2020-01-05,2020,1,5,37.848,22.651,30.25
46.897,-96.812,2020-01-06,2020,1,6,29.62,10.94,20.28
46.897,-96.812,2020-01-07,2020,1,7,23.781,-8.266,7.758
46.897,-96.812,2020-01-08,2020,1,8,11.948,-13.576,-0.814
46.897,-96.812,2020-01-09,2020,1,9,19.251,6.944,13.098
46.897,-96.812,2020-01-10,2020,1,10,6.746,-14.206,-3.73
46.897,-96.812,2020-01-11,2020,1,11,-1.372,-21.28,-11.326
46.897,-96.812,2020-01-12,2020,1,12,18.538,-2.092,8.223
46.897,-96.812,2020-01-13,2020,1,13,24.222,18.468,21.345
46.897,-96.812,2020-01-14,2020,1,14,23.968,-5.746,9.111
46.897,-96.812,2020-01-15,2020,1,15,-2.092,-19.804,-10.948
46.897,-96.812,2020-01-16,2020,1,16,-1.12,-23.044,-12.082
46.897,-96.812,2020-01-17,2020,1,17,23.562,-1.156,11.203
46.897,-96.812,2020-01-18,2020,1,18,19.305,-4.36,7.473
46.897,-96.812,2020-01-19,2020,1,19,3.164,-9.292,-3.064
46.897,-96.812,2020-01-20,2020,1,20,2.318,-16.726,-7.204
46.897,-96.812,2020-01-21,2020,1,21,24.454,-5.08,9.687
46.897,-96.812,2020-01-22,2020,1,22,24.804,13.118,18.961
46.897,-96.812,2020-01-23,2020,1,23,26.964,21.769,24.367
46.897,-96.812,2020-01-24,2020,1,24,26.589,23.891,25.24
46.897,-96.812,2020-01-25,2020,1,25,25.444,21.913,23.679
46.897,-96.812,2020-01-26,2020,1,26,26.634,19.445,23.04
46.897,-96.812,2020-01-27,2020,1,27,19.567,10.454,15.011
46.897,-96.812,2020-01-28,2020,1,28,12.578,8.528,10.553
46.897,-96.812,2020-01-29,2020,1,29,19.44,10.634,15.037
46.897,-96.812,2020-01-30,2020,1,30,24.076,19.211,21.644
46.897,-96.812,2020-01-31,2020,1,31,27.768,22.419,25.094
46.897,-96.812,2020-02-01,2020,2,1,43.151,16.214,29.683
46.897,-96.812,2020-02-02,2020,2,2,41.74,23.241,32.491
46.897,-96.812,2020-02-03,2020,2,3,28.447,2.372,15.41
46.897,-96.812,2020-02-04,2020,2,4,16.502,-3.118,6.692
46.897,-96.812,2020-02-05,2020,2,5,28.182,5.288,16.735
46.897,-96.812,2020-02-06,2020,2,6,17.384,4.514,10.949
46.897,-96.812,2020-02-07,2020,2,7,4.64,-11.272,-3.316
46.897,-96.812,2020-02-08,2020,2,8,18.617,-8.32,5.149
46.897,-96.812,2020-02-09,2020,2,9,23.916,13.478,18.697
46.897,-96.812,2020-02-10,2020,2,10,26.08,13.964,20.022
46.897,-96.812,2020-02-11,2020,2,11,29.462,19.285,24.374
46.897,-96.812,2020-02-12,2020,2,12,28.054,-21.46,3.297
46.897,-96.812,2020-02-13,2020,2,13,-2.074,-22.936,-12.505
46.897,-96.812,2020-02-14,2020,2,14,21.421,-12.55,4.436
46.897,-96.812,2020-02-15,2020,2,15,29.338,2.894,16.116
46.897,-96.812,2020-02-16,2020,2,16,17.928,-1.894,8.017
46.897,-96.812,2020-02-17,2020,2,17,23.473,13.1,18.287
46.897,-96.812,2020-02-18,2020,2,18,13.118,-8.752,2.183
46.897,-96.812,2020-02-19,2020,2,19,0.536,-15.502,-7.483
46.897,-96.812,2020-02-20,2020,2,20,18.999,-13.558,2.721
46.897,-96.812,2020-02-21,2020,2,21,34.738,8.312,21.525
46.897,-96.812,2020-02-22,2020,2,22,37.074,12.578,24.826
46.897,-96.812,2020-02-23,2020,2,23,36.307,23.457,29.882
46.897,-96.812,2020-02-24,2020,2,24,30.438,8.51,19.474
46.897,-96.812,2020-02-25,2020,2,25,19.117,5.342,12.23
46.897,-96.812,2020-02-26,2020,2,26,14.306,3.542,8.924
46.897,-96.812,2020-02-27,2020,2,27,16.754,1.706,9.23
46.897,-96.812,2020-02-28,2020,2,28,22.993,8.33,15.662
46.897,-96.812,2020-02-29,2020,2,29,35.974,17.024,26.499
46.897,-96.812,2020-03-01,2020,3,1,38.48,22.316,30.398
46.897,-96.812,2020-03-02,2020,3,2,36.093,18.235,27.164
46.897,-96.812,2020-03-03,2020,3,3,35.128,19.659,27.394
46.897,-96.812,2020-03-04,2020,3,4,37.234,17.958,27.596
46.897,-96.812,2020-03-05,2020,3,5,37.465,19.189,28.327
46.897,-96.812,2020-03-06,2020,3,6,34.453,16.394,25.424
46.897,-96.812,2020-03-07,2020,3,7,43.246,31.568,37.407
46.897,-96.812,2020-03-08,2020,3,8,39.936,18.844,29.39
46.897,-96.812,2020-03-09,2020,3,9,18.842,9.374,14.108
46.897,-96.812,2020-03-10,2020,3,10,30.598,10.112,20.355
46.897,-96.812,2020-03-11,2020,3,11,39.727,24.895,32.311
46.897,-96.812,2020-03-12,2020,3,12,38.259,24.246,31.253
46.897,-96.812,2020-03-13,2020,3,13,26.731,16.106,21.419
46.897,-96.812,2020-03-14,2020,3,14,22.667,10.742,16.705
46.897,-96.812,2020-03-15,2020,3,15,33.998,11.264,22.631
46.897,-96.812,2020-03-16,2020,3,16,31.921,21.051,26.486
46.897,-96.812,2020-03-17,2020,3,17,36.063,18.082,27.073
46.897,-96.812,2020-03-18,2020,3,18,37.009,22.933,29.971
46.897,-96.812,2020-03-19,2020,3,19,23.29,10.166,16.728
46.897,-96.812,2020-03-20,2020,3,20,17.312,2.624,9.968
46.897,-96.812,2020-03-21,2020,3,21,31.453,3.452,17.453
46.897,-96.812,2020-03-22,2020,3,22,36.784,28.497,32.641
46.897,-96.812,2020-03-23,2020,3,23,39.852,27.302,33.577
46.897,-96.812,2020-03-24,2020,3,24,42.948,34.061,38.505
46.897,-96.812,2020-03-25,2020,3,25,36.621,24.561,30.591
46.897,-96.812,2020-03-26,2020,3,26,37.933,21.538,29.736
46.897,-96.812,2020-03-27,2020,3,27,52.322,28.38,40.351
46.897,-96.812,2020-03-28,2020,3,28,43.097,28.513,35.805
46.897,-96.812,2020-03-29,2020,3,29,46.083,30.648,38.366
46.897,-96.812,2020-03-30,2020,3,30,57.272,25.543,41.408
46.897,-96.812,2020-03-31,2020,3,31,54.356,36.921,45.639
46.897,-96.812,2020-04-01,2020,4,1,56.75,34.453,45.602
46.897,-96.812,2020-04-02,2020,4,2,34.525,17.168,25.847
46.897,-96.812,2020-04-03,2020,4,3,19.423,8.546,13.985
46.897,-96.812,2020-04-04,2020,4,4,35.638,5.216,20.427
46.897,-96.812,2020-04-05,2020,4,5,46.994,31.132,39.063
46.897,-96.812,2020-04-06,2020,4,6,53.384,39.673,46.529
46.897,-96.812,2020-04-07,2020,4,7,50.09,38.815,44.453
46.897,-96.812,2020-04-08,2020,4,8,46.526,30.825,38.676
46.897,-96.812,2020-04-09,2020,4,9,38.487,27.183,32.835
46.897,-96.812,2020-04-10,2020,4,10,48.65,28.432,38.541
46.897,-96.812,2020-04-11,2020,4,11,39.943,30.713,35.328
46.897,-96.812,2020-04-12,2020,4,12,32.628,21.34,26.984
46.897,-96.812,2020-04-13,2020,4,13,27.826,16.106,21.966
46.897,-96.812,2020-04-14,2020,4,14,25.54,15.836,20.688
46.897,-96.812,2020-04-15,2020,4,15,36.07,18.493,27.282
46.897,-96.812,2020-04-16,2020,4,16,43.921,23.346,33.634
46.897,-96.812,2020-04-17,2020,4,17,51.944,27.385,39.665
46.897,-96.812,2020-04-18,2020,4,18,57.182,33.787,45.485
46.897,-96.812,2020-04-19,2020,4,19,49.874,23.909,36.892
46.897,-96.812,2020-04-20,2020,4,20,53.24,26.868,40.054
46.897,-96.812,2020-04-21,2020,4,21,44.796,21.043,32.92
46.897,-96.812,2020-04-22,2020,4,22,62.042,33.217,47.63
46.897,-96.812,2020-04-23,2020,4,23,65.732,43.155,54.444
46.897,-96.812,2020-04-24,2020,4,24,65.408,37.225,51.317
46.897,-96.812,2020-04-25,2020,4,25,64.13,38.494,51.312
46.897,-96.812,2020-04-26,2020,4,26,69.854,44.492,57.173
46.897,-96.812,2020-04-27,2020,4,27,69.962,41.709,55.836
46.897,-96.812,2020-04-28,2020,4,28,65.462,49.91,57.686
46.897,-96.812,2020-04-29,2020,4,29,64.112,42.597,53.355
46.897,-96.812,2020-04-30,2020,4,30,70.412,37.324,53.868
46.897,-96.812,2020-05-01,2020,5,1,73.724,49.766,61.745
46.897,-96.812,2020-05-02,2020,5,2,68.864,44.895,56.88
46.897,-96.812,2020-05-03,2020,5,3,51.602,31.384,41.493
46.897,-96.812,2020-05-04,2020,5,4,52.394,36.009,44.202
46.897,-96.812,2020-05-05,2020,5,5,47.156,41.929,44.543
46.897,-96.812,2020-05-06,2020,5,6,61.142,35.497,48.32
46.897,-96.812,2020-05-07,2020,5,7,51.098,33.53,42.314
46.897,-96.812,2020-05-08,2020,5,8,50,28.418,39.209
46.897,-96.812,2020-05-09,2020,5,9,42.624,34.657,38.641
46.897,-96.812,2020-05-10,2020,5,10,48.578,32.527,40.553
46.897,-96.812,2020-05-11,2020,5,11,46.706,26.44,36.573
46.897,-96.812,2020-05-12,2020,5,12,54.158,23.257,38.708
46.897,-96.812,2020-05-13,2020,5,13,55.13,43.876,49.503
46.897,-96.812,2020-05-14,2020,5,14,65.93,40.429,53.18
46.897,-96.812,2020-05-15,2020,5,15,65.624,36.325,50.975
46.897,-96.812,2020-05-16,2020,5,16,70.106,48.002,59.054
46.897,-96.812,2020-05-17,2020,5,17,72.626,44.87,58.748
46.897,-96.812,2020-05-18,2020,5,18,76.73,48.776,62.753
46.897,-96.812,2020-05-19,2020,5,19,77.126,53.402,65.264
46.897,-96.812,2020-05-20,2020,5,20,70.646,57.866,64.256
46.897,-96.812,2020-05-21,2020,5,21,73.994,56.75,65.372
46.897,-96.812,2020-05-22,2020,5,22,77.378,58.766,68.072
46.897,-96.812,2020-05-23,2020,5,23,76.46,58.784,67.622
46.897,-96.812,2020-05-24,2020,5,24,70.718,59.144,64.931
46.897,-96.812,2020-05-25,2020,5,25,72.878,53.294,63.086
46.897,-96.812,2020-05-26,2020,5,26,73.652,57.344,65.498
46.897,-96.812,2020-05-27,2020,5,27,84.956,55.508,70.232
46.897,-96.812,2020-05-28,2020,5,28,68.594,50.324,59.459
46.897,-96.812,2020-05-29,2020,5,29,65.786,44.811,55.299
46.897,-96.812,2020-05-30,2020,5,30,65.912,42.679,54.296
46.897,-96.812,2020-05-31,2020,5,31,82.814,50.396,66.605
46.897,-96.812,2020-06-01,2020,6,1,96.602,66.362,81.482
46.897,-96.812,2020-06-02,2020,6,2,87.782,56.174,71.978
46.897,-96.812,2020-06-03,2020,6,3,83.426,49.91,66.668
46.897,-96.812,2020-06-04,2020,6,4,85.172,54.806,69.989
46.897,-96.812,2020-06-05,2020,6,5,79.484,52.538,66.011
46.897,-96.812,2020-06-06,2020,6,6,74.642,54.716,64.679
46.897,-96.812,2020-06-07,2020,6,7,98.51,64.76,81.635
46.897,-96.812,2020-06-08,2020,6,8,86.378,66.326,76.352
46.897,-96.812,2020-06-09,2020,6,9,71.618,56.498,64.058
46.897,-96.812,2020-06-10,2020,6,10,71.474,53.078,62.276
46.897,-96.812,2020-06-11,2020,6,11,78.728,52.826,65.777
46.897,-96.812,2020-06-12,2020,6,12,72.896,54.716,63.806
46.897,-96.812,2020-06-13,2020,6,13,76.316,56.966,66.641
46.897,-96.812,2020-06-14,2020,6,14,82.184,61.43,71.807
46.897,-96.812,2020-06-15,2020,6,15,91.346,71.6,81.473
46.897,-96.812,2020-06-16,2020,6,16,96.728,69.44,83.084
46.897,-96.812,2020-06-17,2020,6,17,96.656,73.904,85.28
46.897,-96.812,2020-06-18,2020,6,18,83.444,56.048,69.746
46.897,-96.812,2020-06-19,2020,6,19,74.408,51.998,63.203
46.897,-96.812,2020-06-20,2020,6,20,75.11,59.396,67.253
46.897,-96.812,2020-06-21,2020,6,21,71.42,56.876,64.148
46.897,-96.812,2020-06-22,2020,6,22,71.492,55.796,63.644
46.897,-96.812,2020-06-23,2020,6,23,77.522,54.284,65.903
46.897,-96.812,2020-06-24,2020,6,24,80.096,51.782,65.939
46.897,-96.812,2020-06-25,2020,6,25,91.184,62.222,76.703
46.897,-96.812,2020-06-26,2020,6,26,83.246,64.526,73.886
46.897,-96.812,2020-06-27,2020,6,27,88.412,63.302,75.857
46.897,-96.812,2020-06-28,2020,6,28,89.6,70.79,80.195
46.897,-96.812,2020-06-29,2020,6,29,83.408,67.496,75.452
46.897,-96.812,2020-06-30,2020,6,30,88.592,70.574,79.583
46.897,-96.812,2020-07-01,2020,7,1,84.83,68.342,76.586
46.897,-96.812,2020-07-02,2020,7,2,89.816,71.726,80.771
46.897,-96.812,2020-07-03,2020,7,3,90.176,75.128,82.652
46.897,-96.812,2020-07-04,2020,7,4,88.7,72.842,80.771
46.897,-96.812,2020-07-05,2020,7,5,91.112,70.196,80.654
46.897,-96.812,2020-07-06,2020,7,6,85.748,66.272,76.01
46.897,-96.812,2020-07-07,2020,7,7,87.278,63.644,75.461
46.897,-96.812,2020-07-08,2020,7,8,82.886,65.804,74.345
46.897,-96.812,2020-07-09,2020,7,9,79.304,63.374,71.339
46.897,-96.812,2020-07-10,2020,7,10,81.752,59.468,70.61
46.897,-96.812,2020-07-11,2020,7,11,79.808,62.366,71.087
46.897,-96.812,2020-07-12,2020,7,12,82.4,57.074,69.737
46.897,-96.812,2020-07-13,2020,7,13,84.974,67.46,76.217
46.897,-96.812,2020-07-14,2020,7,14,79.772,62.42,71.096
46.897,-96.812,2020-07-15,2020,7,15,84.218,62.762,73.49
46.897,-96.812,2020-07-16,2020,7,16,83.498,61.52,72.509
46.897,-96.812,2020-07-17,2020,7,17,91.058,60.962,76.01
46.897,-96.812,2020-07-18,2020,7,18,81.716,62.978,72.347
46.897,-96.812,2020-07-19,2020,7,19,78.152,60.71,69.431
46.897,-96.812,2020-07-20,2020,7,20,77.324,58.28,67.802
46.897,-96.812,2020-07-21,2020,7,21,73.184,60.422,66.803
46.897,-96.812,2020-07-22,2020,7,22,76.226,54.536,65.381
46.897,-96.812,2020-07-23,2020,7,23,82.292,60.638,71.465
46.897,-96.812,2020-07-24,2020,7,24,92.678,72.14,82.409
46.897,-96.812,2020-07-25,2020,7,25,87.134,72.05,79.592
46.897,-96.812,2020-07-26,2020,7,26,80.78,64.634,72.707
46.897,-96.812,2020-07-27,2020,7,27,81.842,62.168,72.005
46.897,-96.812,2020-07-28,2020,7,28,82.562,61.088,71.825
46.897,-96.812,2020-07-29,2020,7,29,80.168,57.938,69.053
46.897,-96.812,2020-07-30,2020,7,30,82.724,58.298,70.511
46.897,-96.812,2020-07-31,2020,7,31,84.74,63.572,74.156
46.897,-96.812,2020-08-01,2020,8,1,77.684,61.592,69.638
46.897,-96.812,2020-08-02,2020,8,2,74.804,55.724,65.264
46.897,-96.812,2020-08-03,2020,8,3,75.002,49.604,62.303
46.897,-96.812,2020-08-04,2020,8,4,77.972,56.372,67.172
46.897,-96.812,2020-08-05,2020,8,5,76.352,59.27,67.811
46.897,-96.812,2020-08-06,2020,8,6,80.33,61.7,71.015
46.897,-96.812,2020-08-07,2020,8,7,79.34,66.884,73.112
46.897,-96.812,2020-08-08,2020,8,8,83.03,69.944,76.487
46.897,-96.812,2020-08-09,2020,8,9,82.49,58.478,70.484
46.897,-96.812,2020-08-10,2020,8,10,79.106,54.104,66.605
46.897,-96.812,2020-08-11,2020,8,11,82.508,57.974,70.241
46.897,-96.812,2020-08-12,2020,8,12,79.7,65.732,72.716
46.897,-96.812,2020-08-13,2020,8,13,90.626,67.784,79.205
46.897,-96.812,2020-08-14,2020,8,14,71.6,55.328,63.464
46.897,-96.812,2020-08-15,2020,8,15,80.996,53.132,67.064
46.897,-96.812,2020-08-16,2020,8,16,80.996,58.046,69.521
46.897,-96.812,2020-08-17,2020,8,17,77.54,53.078,65.309
46.897,-96.812,2020-08-18,2020,8,18,83.444,59.504,71.474
46.897,-96.812,2020-08-19,2020,8,19,86.9,64.724,75.812
46.897,-96.812,2020-08-20,2020,8,20,84.83,67.55,76.19
46.897,-96.812,2020-08-21,2020,8,21,85.136,68.846,76.991
46.897,-96.812,2020-08-22,2020,8,22,87.782,65.714,76.748
46.897,-96.812,2020-08-23,2020,8,23,87.224,61.196,74.21
46.897,-96.812,2020-08-24,2020,8,24,81.428,65.48,73.454
46.897,-96.812,2020-08-25,2020,8,25,85.028,63.464,74.246
46.897,-96.812,2020-08-26,2020,8,26,82.688,62.906,72.797
46.897,-96.812,2020-08-27,2020,8,27,79.646,57.254,68.45
46.897,-96.812,2020-08-28,2020,8,28,74.93,56.228,65.579
46.897,-96.812,2020-08-29,2020,8,29,75.416,48.074,61.745
46.897,-96.812,2020-08-30,2020,8,30,78.008,57.452,67.73
46.897,-96.812,2020-08-31,2020,8,31,69.512,51.278,60.395
46.897,-96.812,2020-09-01,2020,9,1,76.784,55.634,66.209
46.897,-96.812,2020-09-02,2020,9,2,77.954,50.864,64.409
46.897,-96.812,2020-09-03,2020,9,3,68.018,51.494,59.756
46.897,-96.812,2020-09-04,2020,9,4,76.136,48.722,62.429
46.897,-96.812,2020-09-05,2020,9,5,78.098,48.722,63.41
46.897,-96.812,2020-09-06,2020,9,6,76.784,52.826,64.805
46.897,-96.812,2020-09-07,2020,9,7,53.222,39.591,46.407
46.897,-96.812,2020-09-08,2020,9,8,51.674,32.941,42.308
46.897,-96.812,2020-09-09,2020,9,9,58.748,32.032,45.39
46.897,-96.812,2020-09-10,2020,9,10,67.46,38.547,53.004
46.897,-96.812,2020-09-11,2020,9,11,64.454,41.572,53.013
46.897,-96.812,2020-09-12,2020,9,12,63.104,53.708,58.406
46.897,-96.812,2020-09-13,2020,9,13,64.598,48.65,56.624
46.897,-96.812,2020-09-14,2020,9,14,73.346,43.945,58.646
46.897,-96.812,2020-09-15,2020,9,15,68.882,54.806,61.844
46.897,-96.812,2020-09-16,2020,9,16,60.08,45.759,52.92
46.897,-96.812,2020-09-17,2020,9,17,61.322,45.829,53.576
46.897,-96.812,2020-09-18,2020,9,18,68.054,45.358,56.706
46.897,-96.812,2020-09-19,2020,9,19,77.216,51.296,64.256
46.897,-96.812,2020-09-20,2020,9,20,76.73,58.442,67.586
46.897,-96.812,2020-09-21,2020,9,21,82.292,56.282,69.287
46.897,-96.812,2020-09-22,2020,9,22,85.046,49.064,67.055
46.897,-96.812,2020-09-23,2020,9,23,76.136,56.048,66.092
46.897,-96.812,2020-09-24,2020,9,24,76.73,47.102,61.916
46.897,-96.812,2020-09-25,2020,9,25,78.17,59.522,68.846
46.897,-96.812,2020-09-26,2020,9,26,69.206,54.266,61.736
46.897,-96.812,2020-09-27,2020,9,27,63.356,50.882,57.119
46.897,-96.812,2020-09-28,2020,9,28,57.362,43.659,50.511
46.897,-96.812,2020-09-29,2020,9,29,70.304,44.616,57.46
46.897,-96.812,2020-09-30,2020,9,30,62.312,41.963,52.138
46.897,-96.812,2020-10-01,2020,10,1,51.422,40.638,46.03
46.897,-96.812,2020-10-02,2020,10,2,51.296,31.676,41.486
46.897,-96.812,2020-10-03,2020,10,3,53.114,32.398,42.756
46.897,-96.812,2020-10-04,2020,10,4,61.286,30.607,45.947
46.897,-96.812,2020-10-05,2020,10,5,73.166,46.598,59.882
46.897,-96.812,2020-10-06,2020,10,6,73.616,46.49,60.053
46.897,-96.812,2020-10-07,2020,10,7,67.748,39.754,53.751
46.897,-96.812,2020-10-08,2020,10,8,68.018,35.067,51.543
46.897,-96.812,2020-10-09,2020,10,9,74.552,45.392,59.972
46.897,-96.812,2020-10-10,2020,10,10,63.734,33.267,48.501
46.897,-96.812,2020-10-11,2020,10,11,73.49,51.818,62.654
46.897,-96.812,2020-10-12,2020,10,12,64.4,40.73,52.565
46.897,-96.812,2020-10-13,2020,10,13,60.296,41.362,50.829
46.897,-96.812,2020-10-14,2020,10,14,58.352,26.204,42.278
46.897,-96.812,2020-10-15,2020,10,15,49.316,22.577,35.947
46.897,-96.812,2020-10-16,2020,10,16,42.84,28.402,35.621
46.897,-96.812,2020-10-17,2020,10,17,40.213,22.203,31.208
46.897,-96.812,2020-10-18,2020,10,18,33.91,20.001,26.956
46.897,-96.812,2020-10-19,2020,10,19,35.492,27.324,31.408
46.897,-96.812,2020-10-20,2020,10,20,34.088,31.089,32.589
46.897,-96.812,2020-10-21,2020,10,21,33.402,24.845,29.124
46.897,-96.812,2020-10-22,2020,10,22,31.834,27.163,29.499
46.897,-96.812,2020-10-23,2020,10,23,30.081,15.566,22.824
46.897,-96.812,2020-10-24,2020,10,24,27.304,15.926,21.615
46.897,-96.812,2020-10-25,2020,10,25,26.235,19.2,22.718
46.897,-96.812,2020-10-26,2020,10,26,25.086,12.542,18.814
46.897,-96.812,2020-10-27,2020,10,27,34.367,12.506,23.437
46.897,-96.812,2020-10-28,2020,10,28,41.563,26.031,33.797
46.897,-96.812,2020-10-29,2020,10,29,31.897,18.376,25.137
46.897,-96.812,2020-10-30,2020,10,30,45.136,31.105,38.121
46.897,-96.812,2020-10-31,2020,10,31,46.706,29.284,37.995
46.897,-96.812,2020-11-01,2020,11,1,36.858,18.401,27.63
46.897,-96.812,2020-11-02,2020,11,2,62.42,29.7,46.06
46.897,-96.812,2020-11-03,2020,11,3,71.366,37.506,54.436
46.897,-96.812,2020-11-04,2020,11,4,73.976,34.52,54.248
46.897,-96.812,2020-11-05,2020,11,5,61.736,30.711,46.224
46.897,-96.812,2020-11-06,2020,11,6,63.248,38.181,50.715
46.897,-96.812,2020-11-07,2020,11,7,62.024,32.108,47.066
46.897,-96.812,2020-11-08,2020,11,8,73.4,37.279,55.34
46.897,-96.812,2020-11-09,2020,11,9,38.268,19.072,28.67
46.897,-96.812,2020-11-10,2020,11,10,24.764,12.578,18.671
46.897,-96.812,2020-11-11,2020,11,11,42.325,19.033,30.679
46.897,-96.812,2020-11-12,2020,11,12,26.454,13.046,19.75
46.897,-96.812,2020-11-13,2020,11,13,42.525,13.1,27.813
46.897,-96.812,2020-11-14,2020,11,14,44.107,29.7,36.904
46.897,-96.812,2020-11-15,2020,11,15,33.192,22.159,27.676
46.897,-96.812,2020-11-16,2020,11,16,27.223,12.452,19.838
46.897,-96.812,2020-11-17,2020,11,17,31.622,12.11,21.866
46.897,-96.812,2020-11-18,2020,11,18,47.57,30.641,39.106
46.897,-96.812,2020-11-19,2020,11,19,43.146,30.85,36.998
46.897,-96.812,2020-11-20,2020,11,20,34.223,19.18,26.702
46.897,-96.812,2020-11-21,2020,11,21,47.318,18.91,33.114
46.897,-96.812,2020-11-22,2020,11,22,37.155,24.696,30.926
46.897,-96.812,2020-11-23,2020,11,23,36.927,20.412,28.67
46.897,-96.812,2020-11-24,2020,11,24,37.069,25.196,31.133
46.897,-96.812,2020-11-25,2020,11,25,31.937,23.198,27.568
46.897,-96.812,2020-11-26,2020,11,26,41.736,25.047,33.392
46.897,-96.812,2020-11-27,2020,11,27,38.622,17.294,27.958
46.897,-96.812,2020-11-28,2020,11,28,48.848,27.43,38.139
46.897,-96.812,2020-11-29,2020,11,29,36.853,15.818,26.336
46.897,-96.812,2020-11-30,2020,11,30,34.943,13.172,24.058
46.897,-96.812,2020-12-01,2020,12,1,38.151,20.219,29.185
46.897,-96.812,2020-12-02,2020,12,2,36.644,21.535,29.09
46.897,-96.812,2020-12-03,2020,12,3,47.966,20.673,34.32
46.897,-96.812,2020-12-04,2020,12,4,41.052,19.463,30.258
46.897,-96.812,2020-12-05,2020,12,5,40.914,20.089,30.502
46.897,-96.812,2020-12-06,2020,12,6,50.882,20.732,35.807
46.897,-96.812,2020-12-07,2020,12,7,42.615,19.753,31.184
46.897,-96.812,2020-12-08,2020,12,8,52.97,25.583,39.277
46.897,-96.812,2020-12-09,2020,12,9,45.936,24.769,35.353
46.897,-96.812,2020-12-10,2020,12,10,38.642,24.706,31.674
46.897,-96.812,2020-12-11,2020,12,11,30.598,24.557,27.578
46.897,-96.812,2020-12-12,2020,12,12,24.759,18.604,21.682
46.897,-96.812,2020-12-13,2020,12,13,25.151,9.554,17.353
46.897,-96.812,2020-12-14,2020,12,14,10.49,-0.382,5.054
46.897,-96.812,2020-12-15,2020,12,15,24.721,7.916,16.319
46.897,-96.812,2020-12-16,2020,12,16,29.926,22.298,26.112
46.897,-96.812,2020-12-17,2020,12,17,31.471,16.898,24.185
46.897,-96.812,2020-12-18,2020,12,18,33.649,5.54,19.595
46.897,-96.812,2020-12-19,2020,12,19,27.437,1.904,14.671
46.897,-96.812,2020-12-20,2020,12,20,36.126,19.24,27.683
46.897,-96.812,2020-12-21,2020,12,21,36.745,19.515,28.13
46.897,-96.812,2020-12-22,2020,12,22,39.913,20.313,30.113
46.897,-96.812,2020-12-23,2020,12,23,27.952,-4.81,11.571
46.897,-96.812,2020-12-24,2020,12,24,0.014,-10.138,-5.062
46.897,-96.812,2020-12-25,2020,12,25,31.239,-0.148,15.546
46.897,-96.812,2020-12-26,2020,12,26,25.576,6.008,15.792
46.897,-96.812,2020-12-27,2020,12,27,21.393,8.114,14.754
46.897,-96.812,2020-12-28,2020,12,28,17.944,1.238,9.591
46.897,-96.812,2020-12-29,2020,12,29,22.591,1.184,11.888
46.897,-96.812,2020-12-30,2020,12,30,21.715,10.238,15.977
46.897,-96.812,2020-12-31,2020,12,31,21.229,12.776,17.003
46.897,-96.812,2021-01-01,2021,1,1,27.237,14.414,20.826
46.897,-96.812,2021-01-02,2021,1,2,27.988,17.114,22.551
46.897,-96.812,2021-01-03,2021,1,3,31.676,15.368,23.522
46.897,-96.812,2021-01-04,2021,1,4,37.335,20.797,29.066
46.897,-96.812,2021-01-05,2021,1,5,32.817,11.858,22.338
46.897,-96.812,2021-01-06,2021,1,6,36.779,22.89,29.835
46.897,-96.812,2021-01-07,2021,1,7,27.595,19.996,23.796
46.897,-96.812,2021-01-08,2021,1,8,27.082,22.039,24.561
46.897,-96.812,2021-01-09,2021,1,9,31.217,23.947,27.582
46.897,-96.812,2021-01-10,2021,1,10,32.5,13.19,22.845
46.897,-96.812,2021-01-11,2021,1,11,31.019,17.622,24.321
46.897,-96.812,2021-01-12,2021,1,12,38.248,14.522,26.385
46.897,-96.812,2021-01-13,2021,1,13,38.905,27.639,33.272
46.897,-96.812,2021-01-14,2021,1,14,40.363,30.02,35.192
46.897,-96.812,2021-01-15,2021,1,15,30.119,16.646,23.383
46.897,-96.812,2021-01-16,2021,1,16,26.605,13.406,20.006
46.897,-96.812,2021-01-17,2021,1,17,24.996,15.314,20.155
46.897,-96.812,2021-01-18,2021,1,18,15.458,-0.346,7.556
46.897,-96.812,2021-01-19,2021,1,19,5.648,1.994,3.821
46.897,-96.812,2021-01-20,2021,1,20,38.736,4.442,21.589
46.897,-96.812,2021-01-21,2021,1,21,30.337,1.202,15.77
46.897,-96.812,2021-01-22,2021,1,22,21.187,-0.112,10.538
46.897,-96.812,2021-01-23,2021,1,23,24.573,11.966,18.27
46.897,-96.812,2021-01-24,2021,1,24,21.569,-2.218,9.676
46.897,-96.812,2021-01-25,2021,1,25,13.172,4.064,8.618
46.897,-96.812,2021-01-26,2021,1,26,6.44,-7.6,-0.58
46.897,-96.812,2021-01-27,2021,1,27,11.12,-9.004,1.058
46.897,-96.812,2021-01-28,2021,1,28,20.741,10.544,15.643
46.897,-96.812,2021-01-29,2021,1,29,24.822,19.085,21.954
46.897,-96.812,2021-01-30,2021,1,30,25.716,22.872,24.294
46.897,-96.812,2021-01-31,2021,1,31,25.925,20.253,23.089
46.897,-96.812,2021-02-01,2021,2,1,23.097,20.894,21.996
46.897,-96.812,2021-02-02,2021,2,2,24.679,18.936,21.808
46.897,-96.812,2021-02-03,2021,2,3,27.604,20.73,24.167
46.897,-96.812,2021-02-04,2021,2,4,23.173,5.072,14.123
46.897,-96.812,2021-02-05,2021,2,5,7.088,-4.324,1.382
46.897,-96.812,2021-02-06,2021,2,6,-3.568,-16.24,-9.904
46.897,-96.812,2021-02-07,2021,2,7,-8.176,-20.722,-14.449
46.897,-96.812,2021-02-08,2021,2,8,-0.526,-17.824,-9.175
46.897,-96.812,2021-02-09,2021,2,9,-0.706,-11.128,-5.917
46.897,-96.812,2021-02-10,2021,2,10,-3.478,-14.584,-9.031
46.897,-96.812,2021-02-11,2021,2,11,-8.428,-16.294,-12.361
46.897,-96.812,2021-02-12,2021,2,12,-7.834,-20.146,-13.99
46.897,-96.812,2021-02-13,2021,2,13,-13.288,-22.576,-17.932
46.897,-96.812,2021-02-14,2021,2,14,-9.04,-25.168,-17.104
46.897,-96.812,2021-02-15,2021,2,15,-2.434,-21.298,-11.866
46.897,-96.812,2021-02-16,2021,2,16,1.328,-18.598,-8.635
46.897,-96.812,2021-02-17,2021,2,17,6.908,-4.144,1.382
46.897,-96.812,2021-02-18,2021,2,18,13.28,-7.906,2.687
46.897,-96.812,2021-02-19,2021,2,19,16.196,4.46,10.328
46.897,-96.812,2021-02-20,2021,2,20,25.63,3.488,14.559
46.897,-96.812,2021-02-21,2021,2,21,35.298,18.937,27.118
46.897,-96.812,2021-02-22,2021,2,22,43.137,29.314,36.226
46.897,-96.812,2021-02-23,2021,2,23,35.371,26.762,31.067
46.897,-96.812,2021-02-24,2021,2,24,30.627,10.166,20.397
46.897,-96.812,2021-02-25,2021,2,25,39.162,16.07,27.616
46.897,-96.812,2021-02-26,2021,2,26,44.953,29.966,37.46
46.897,-96.812,2021-02-27,2021,2,27,30.22,8.132,19.176
46.897,-96.812,2021-02-28,2021,2,28,22.084,3.56,12.822
46.897,-96.812,2021-03-01,2021,3,1,19.886,-4.54,7.673
46.897,-96.812,2021-03-02,2021,3,2,49.136,19.868,34.502
46.897,-96.812,2021-03-03,2021,3,3,42.856,22.667,32.762
46.897,-96.812,2021-03-04,2021,3,4,47.156,33.728,40.442
46.897,-96.812,2021-03-05,2021,3,5,48.722,26.668,37.695
46.897,-96.812,2021-03-06,2021,3,6,48.272,32.767,40.52
46.897,-96.812,2021-03-07,2021,3,7,59.324,33.996,46.66
46.897,-96.812,2021-03-08,2021,3,8,57.074,28.179,42.627
46.897,-96.812,2021-03-09,2021,3,9,64.976,36.961,50.969
46.897,-96.812,2021-03-10,2021,3,10,37.211,25.261,31.236
46.897,-96.812,2021-03-11,2021,3,11,40.021,19.359,29.69
46.897,-96.812,2021-03-12,2021,3,12,38.525,13.118,25.822
46.897,-96.812,2021-03-13,2021,3,13,58.856,32.065,45.461
46.897,-96.812,2021-03-14,2021,3,14,44.917,24.719,34.818
46.897,-96.812,2021-03-15,2021,3,15,34.38,29.271,31.826
46.897,-96.812,2021-03-16,2021,3,16,35.217,29.782,32.5
46.897,-96.812,2021-03-17,2021,3,17,41.954,27.806,34.88
46.897,-96.812,2021-03-18,2021,3,18,52.052,18.676,35.364
46.897,-96.812,2021-03-19,2021,3,19,54.302,28.899,41.601
46.897,-96.812,2021-03-20,2021,3,20,62.222,36.315,49.269
46.897,-96.812,2021-03-21,2021,3,21,50.72,33.478,42.099
46.897,-96.812,2021-03-22,2021,3,22,52.808,22.573,37.691
46.897,-96.812,2021-03-23,2021,3,23,54.572,33.802,44.187
46.897,-96.812,2021-03-24,2021,3,24,47.714,22.469,35.092
46.897,-96.812,2021-03-25,2021,3,25,54.446,19.917,37.182
46.897,-96.812,2021-03-26,2021,3,26,48.614,29.115,38.865
46.897,-96.812,2021-03-27,2021,3,27,47.21,21.803,34.507
46.897,-96.812,2021-03-28,2021,3,28,47.894,15.8,31.847
46.897,-96.812,2021-03-29,2021,3,29,77.054,29.638,53.346
46.897,-96.812,2021-03-30,2021,3,30,31.483,17.857,24.67
46.897,-96.812,2021-03-31,2021,3,31,33.593,16.286,24.94
46.897,-96.812,2021-04-01,2021,4,1,53.366,19.096,36.231
46.897,-96.812,2021-04-02,2021,4,2,66.902,36.898,51.9
46.897,-96.812,2021-04-03,2021,4,3,71.924,26.121,49.023
46.897,-96.812,2021-04-04,2021,4,4,69.818,33.166,51.492
46.897,-96.812,2021-04-05,2021,4,5,69.944,43.621,56.783
46.897,-96.812,2021-04-06,2021,4,6,54.986,30.729,42.858
46.897,-96.812,2021-04-07,2021,4,7,49.406,43.626,46.516
46.897,-96.812,2021-04-08,2021,4,8,44.451,40.143,42.297
46.897,-96.812,2021-04-09,2021,4,9,51.35,37.753,44.552
46.897,-96.812,2021-04-10,2021,4,10,56.498,30.961,43.73
46.897,-96.812,2021-04-11,2021,4,11,56.732,31.366,44.049
46.897,-96.812,2021-04-12,2021,4,12,42.379,26.312,34.346
46.897,-96.812,2021-04-13,2021,4,13,30.47,24.913,27.692
46.897,-96.812,2021-04-14,2021,4,14,33.996,27.468,30.732
46.897,-96.812,2021-04-15,2021,4,15,40.921,29.433,35.177
46.897,-96.812,2021-04-16,2021,4,16,52.43,33.978,43.204
46.897,-96.812,2021-04-17,2021,4,17,58.352,28.877,43.615
46.897,-96.812,2021-04-18,2021,4,18,51.026,27.154,39.09
46.897,-96.812,2021-04-19,2021,4,19,40.564,24.195,32.38
46.897,-96.812,2021-04-20,2021,4,20,37.098,18.194,27.646
46.897,-96.812,2021-04-21,2021,4,21,55.58,19.008,37.294
46.897,-96.812,2021-04-22,2021,4,22,64.958,34.201,49.58
46.897,-96.812,2021-04-23,2021,4,23,46.396,29.453,37.925
46.897,-96.812,2021-04-24,2021,4,24,46.373,18.928,32.651
46.897,-96.812,2021-04-25,2021,4,25,42.64,33.129,37.885
46.897,-96.812,2021-04-26,2021,4,26,50.018,36.687,43.353
46.897,-96.812,2021-04-27,2021,4,27,63.878,38.998,51.438
46.897,-96.812,2021-04-28,2021,4,28,73.76,43.088,58.424
46.897,-96.812,2021-04-29,2021,4,29,70.394,32.117,51.256
46.897,-96.812,2021-04-30,2021,4,30,64.166,33.822,48.994
46.897,-96.812,2021-05-01,2021,5,1,88.034,50.234,69.134
46.897,-96.812,2021-05-02,2021,5,2,79.106,47.876,63.491
46.897,-96.812,2021-05-03,2021,5,3,55.436,36.784,46.11
46.897,-96.812,2021-05-04,2021,5,4,55.274,26.578,40.926
46.897,-96.812,2021-05-05,2021,5,5,58.19,38.545,48.368
46.897,-96.812,2021-05-06,2021,5,6,65.858,30.686,48.272
46.897,-96.812,2021-05-07,2021,5,7,57.506,28.999,43.253
46.897,-96.812,2021-05-08,2021,5,8,60.44,39.097,49.769
46.897,-96.812,2021-05-09,2021,5,9,59.756,29.646,44.701
46.897,-96.812,2021-05-10,2021,5,10,57.29,29.962,43.626
46.897,-96.812,2021-05-11,2021,5,11,65.174,34.988,50.081
46.897,-96.812,2021-05-12,2021,5,12,72.626,41.225,56.926
46.897,-96.812,2021-05-13,2021,5,13,75.236,46.832,61.034
46.897,-96.812,2021-05-14,2021,5,14,69.656,51.656,60.656
46.897,-96.812,2021-05-15,2021,5,15,76.298,48.758,62.528
46.897,-96.812,2021-05-16,2021,5,16,84.038,51.35,67.694
46.897,-96.812,2021-05-17,2021,5,17,84.668,57.902,71.285
46.897,-96.812,2021-05-18,2021,5,18,79.952,57.074,68.513
46.897,-96.812,2021-05-19,2021,5,19,83.93,61.034,72.482
46.897,-96.812,2021-05-20,2021,5,20,79.538,57.254,68.396
46.897,-96.812,2021-05-21,2021,5,21,87.026,56.354,71.69
46.897,-96.812,2021-05-22,2021,5,22,58.01,50.666,54.338
46.897,-96.812,2021-05-23,2021,5,23,76.046,49.316,62.681
46.897,-96.812,2021-05-24,2021,5,24,86.594,57.236,71.915
46.897,-96.812,2021-05-25,2021,5,25,77.414,50.27,63.842
46.897,-96.812,2021-05-26,2021,5,26,54.626,38.791,46.709
46.897,-96.812,2021-05-27,2021,5,27,54.212,36.462,45.337
46.897,-96.812,2021-05-28,2021,5,28,66.146,34.5,50.323
46.897,-96.812,2021-05-29,2021,5,29,65.732,44.035,54.884
46.897,-96.812,2021-05-30,2021,5,30,78.548,49.406,63.977
46.897,-96.812,2021-05-31,2021,5,31,73.598,46.976,60.287
46.897,-96.812,2021-06-01,2021,6,1,83.21,49.64,66.425
46.897,-96.812,2021-06-02,2021,6,2,89.222,53.168,71.195
46.897,-96.812,2021-06-03,2021,6,3,95.828,61.538,78.683
46.897,-96.812,2021-06-04,2021,6,4,101.75,62.906,82.328
46.897,-96.812,2021-06-05,2021,6,5,101.606,67.082,84.344
46.897,-96.812,2021-06-06,2021,6,6,90.536,63.122,76.829
46.897,-96.812,2021-06-07,2021,6,7,93.434,55.418,74.426
46.897,-96.812,2021-06-08,2021,6,8,90.392,69.89,80.141
46.897,-96.812,2021-06-09,2021,6,9,93.11,75.884,84.497
46.897,-96.812,2021-06-10,2021,6,10,94.028,68.702,81.365
46.897,-96.812,2021-06-11,2021,6,11,82.94,59.342,71.141
46.897,-96.812,2021-06-12,2021,6,12,83.03,57.776,70.403
46.897,-96.812,2021-06-13,2021,6,13,84.272,62.042,73.157
46.897,-96.812,2021-06-14,2021,6,14,85.91,53.654,69.782
46.897,-96.812,2021-06-15,2021,6,15,82.4,59.18,70.79
46.897,-96.812,2021-06-16,2021,6,16,89.834,66.146,77.99
46.897,-96.812,2021-06-17,2021,6,17,89.24,59.594,74.417
46.897,-96.812,2021-06-18,2021,6,18,87.71,55.436,71.573
46.897,-96.812,2021-06-19,2021,6,19,81.698,50.396,66.047
46.897,-96.812,2021-06-20,2021,6,20,73.958,52.25,63.104
46.897,-96.812,2021-06-21,2021,6,21,64.958,45.043,55.001
46.897,-96.812,2021-06-22,2021,6,22,78.692,49.28,63.986
46.897,-96.812,2021-06-23,2021,6,23,92.246,58.442,75.344
46.897,-96.812,2021-06-24,2021,6,24,83.642,58.37,71.006
46.897,-96.812,2021-06-25,2021,6,25,81.23,63.446,72.338
46.897,-96.812,2021-06-26,2021,6,26,78.314,62.186,70.25
46.897,-96.812,2021-06-27,2021,6,27,83.912,56.444,70.178
46.897,-96.812,2021-06-28,2021,6,28,78.242,62.024,70.133
46.897,-96.812,2021-06-29,2021,6,29,82.778,57.038,69.908
46.897,-96.812,2021-06-30,2021,6,30,87.728,61.466,74.597
46.897,-96.812,2021-07-01,2021,7,1,90.014,65.66,77.837
46.897,-96.812,2021-07-02,2021,7,2,90.68,67.658,79.169
46.897,-96.812,2021-07-03,2021,7,3,92.804,68.54,80.672
46.897,-96.812,2021-07-04,2021,7,4,91.778,72.77,82.274
46.897,-96.812,2021-07-05,2021,7,5,89.834,64.346,77.09
46.897,-96.812,2021-07-06,2021,7,6,75.272,57.596,66.434
46.897,-96.812,2021-07-07,2021,7,7,72.32,56.498,64.409
46.897,-96.812,2021-07-08,2021,7,8,75.236,59.36,67.298
46.897,-96.812,2021-07-09,2021,7,9,78.71,61.448,70.079
46.897,-96.812,2021-07-10,2021,7,10,83.444,64.616,74.03
46.897,-96.812,2021-07-11,2021,7,11,85.406,59.45,72.428
46.897,-96.812,2021-07-12,2021,7,12,85.118,65.57,75.344
46.897,-96.812,2021-07-13,2021,7,13,84.344,62.42,73.382
46.897,-96.812,2021-07-14,2021,7,14,82.958,62.528,72.743
46.897,-96.812,2021-07-15,2021,7,15,86.054,57.632,71.843
46.897,-96.812,2021-07-16,2021,7,16,85.676,64.04,74.858
46.897,-96.812,2021-07-17,2021,7,17,86.666,63.338,75.002
46.897,-96.812,2021-07-18,2021,7,18,88.646,65.624,77.135
46.897,-96.812,2021-07-19,2021,7,19,87.818,65.714,76.766
46.897,-96.812,2021-07-20,2021,7,20,84.992,64.904,74.948
46.897,-96.812,2021-07-21,2021,7,21,88.07,72.248,80.159
46.897,-96.812,2021-07-22,2021,7,22,90.356,73.454,81.905
46.897,-96.812,2021-07-23,2021,7,23,95.234,75.434,85.334
46.897,-96.812,2021-07-24,2021,7,24,90.266,64.13,77.198
46.897,-96.812,2021-07-25,2021,7,25,90.554,60.962,75.758
46.897,-96.812,2021-07-26,2021,7,26,92.858,67.712,80.285
46.897,-96.812,2021-07-27,2021,7,27,91.49,66.29,78.89
46.897,-96.812,2021-07-28,2021,7,28,89.744,68.936,79.34
46.897,-96.812,2021-07-29,2021,7,29,81.932,57.11,69.521
46.897,-96.812,2021-07-30,2021,7,30,82.112,65.786,73.949
46.897,-96.812,2021-07-31,2021,7,31,83.588,57.884,70.736
46.897,-96.812,2021-08-01,2021,8,1,79.196,50.144,64.67
46.897,-96.812,2021-08-02,2021,8,2,85.802,56.714,71.258
46.897,-96.812,2021-08-03,2021,8,3,89.348,61.664,75.506
46.897,-96.812,2021-08-04,2021,8,4,79.646,66.29,72.968
46.897,-96.812,2021-08-05,2021,8,5,78.026,59.198,68.612
46.897,-96.812,2021-08-06,2021,8,6,80.042,51.188,65.615
46.897,-96.812,2021-08-07,2021,8,7,83.804,65.624,74.714
46.897,-96.812,2021-08-08,2021,8,8,86.396,67.064,76.73
46.897,-96.812,2021-08-09,2021,8,9,90.95,66.884,78.917
46.897,-96.812,2021-08-10,2021,8,10,89.744,62.906,76.325
46.897,-96.812,2021-08-11,2021,8,11,85.82,57.884,71.852
46.897,-96.812,2021-08-12,2021,8,12,80.888,55.256,68.072
46.897,-96.812,2021-08-13,2021,8,13,79.682,48.776,64.229
46.897,-96.812,2021-08-14,2021,8,14,95.252,57.614,76.433
46.897,-96.812,2021-08-15,2021,8,15,91.526,69.134,80.33
46.897,-96.812,2021-08-16,2021,8,16,90.266,67.244,78.755
46.897,-96.812,2021-08-17,2021,8,17,93.884,70.682,82.283
46.897,-96.812,2021-08-18,2021,8,18,94.55,72.428,83.489
46.897,-96.812,2021-08-19,2021,8,19,93.83,70.79,82.31
46.897,-96.812,2021-08-20,2021,8,20,80.222,63.014,71.618
46.897,-96.812,2021-08-21,2021,8,21,75.038,55.688,65.363
46.897,-96.812,2021-08-22,2021,8,22,73.49,56.588,65.039
46.897,-96.812,2021-08-23,2021,8,23,82.112,60.908,71.51
46.897,-96.812,2021-08-24,2021,8,24,82.994,64.094,73.544
46.897,-96.812,2021-08-25,2021,8,25,74.642,52.394,63.518
46.897,-96.812,2021-08-26,2021,8,26,67.946,56.912,62.429
46.897,-96.812,2021-08-27,2021,8,27,76.298,61.628,68.963
46.897,-96.812,2021-08-28,2021,8,28,75.074,64.976,70.025
46.897,-96.812,2021-08-29,2021,8,29,80.474,57.344,68.909
46.897,-96.812,2021-08-30,2021,8,30,80.888,53.654,67.271
46.897,-96.812,2021-08-31,2021,8,31,82.148,58.694,70.421
46.897,-96.812,2021-09-01,2021,9,1,79.682,60.224,69.953
46.897,-96.812,2021-09-02,2021,9,2,70.304,60.224,65.264
46.897,-96.812,2021-09-03,2021,9,3,73.706,59.558,66.632
46.897,-96.812,2021-09-04,2021,9,4,77.612,55.616,66.614
46.897,-96.812,2021-09-05,2021,9,5,74.696,48.848,61.772
46.897,-96.812,2021-09-06,2021,9,6,86.288,55.616,70.952
46.897,-96.812,2021-09-07,2021,9,7,76.874,53.006,64.94
46.897,-96.812,2021-09-08,2021,9,8,75.326,50.018,62.672
46.897,-96.812,2021-09-09,2021,9,9,76.532,48.092,62.312
46.897,-96.812,2021-09-10,2021,9,10,84.542,57.452,70.997
46.897,-96.812,2021-09-11,2021,9,11,71.978,55.85,63.914
46.897,-96.812,2021-09-12,2021,9,12,71.456,49.262,60.359
46.897,-96.812,2021-09-13,2021,9,13,66.56,53.6,60.08
46.897,-96.812,2021-09-14,2021,9,14,73.238,49.82,61.529
46.897,-96.812,2021-09-15,2021,9,15,77.018,49.046,63.032
46.897,-96.812,2021-09-16,2021,9,16,75.812,51.152,63.482
46.897,-96.812,2021-09-17,2021,9,17,68.954,48.776,58.865
46.897,-96.812,2021-09-18,2021,9,18,78.566,48.758,63.662
46.897,-96.812,2021-09-19,2021,9,19,83.642,66.992,75.317
46.897,-96.812,2021-09-20,2021,9,20,67.064,52.214,59.639
46.897,-96.812,2021-09-21,2021,9,21,65.876,45.379,55.628
46.897,-96.812,2021-09-22,2021,9,22,75.866,45.981,60.924
46.897,-96.812,2021-09-23,2021,9,23,77.144,50.486,63.815
46.897,-96.812,2021-09-24,2021,9,24,63.32,45.144,54.232
46.897,-96.812,2021-09-25,2021,9,25,76.838,43.021,59.93
46.897,-96.812,2021-09-26,2021,9,26,82.85,52.484,67.667
46.897,-96.812,2021-09-27,2021,9,27,80.816,43.921,62.369
46.897,-96.812,2021-09-28,2021,9,28,90.176,58.334,74.255
46.897,-96.812,2021-09-29,2021,9,29,87.926,65.246,76.586
46.897,-96.812,2021-09-30,2021,9,30,74.012,58.298,66.155
46.897,-96.812,2021-10-01,2021,10,1,66.29,56.156,61.223
46.897,-96.812,2021-10-02,2021,10,2,71.096,49.514,60.305
46.897,-96.812,2021-10-03,2021,10,3,74.786,44.182,59.484
46.897,-96.812,2021-10-04,2021,10,4,81.536,49.334,65.435
46.897,-96.812,2021-10-05,2021,10,5,82.112,54.644,68.378
46.897,-96.812,2021-10-06,2021,10,6,77.648,56.588,67.118
46.897,-96.812,2021-10-07,2021,10,7,78.278,57.56,67.919
46.897,-96.812,2021-10-08,2021,10,8,78.152,61.142,69.647
46.897,-96.812,2021-10-09,2021,10,9,67.784,57.74,62.762
46.897,-96.812,2021-10-10,2021,10,10,59.666,49.01,54.338
46.897,-96.812,2021-10-11,2021,10,11,65.336,42.051,53.694
46.897,-96.812,2021-10-12,2021,10,12,57.956,36.027,46.992
46.897,-96.812,2021-10-13,2021,10,13,59.936,48.47,54.203
46.897,-96.812,2021-10-14,2021,10,14,51.422,41.293,46.358
46.897,-96.812,2021-10-15,2021,10,15,48.866,38.725,43.796
46.897,-96.812,2021-10-16,2021,10,16,61.754,34.443,48.099
46.897,-96.812,2021-10-17,2021,10,17,69.278,37.008,53.143
46.897,-96.812,2021-10-18,2021,10,18,77.864,47.75,62.807
46.897,-96.812,2021-10-19,2021,10,19,55.706,43.169,49.438
46.897,-96.812,2021-10-20,2021,10,20,46.688,31.726,39.207
46.897,-96.812,2021-10-21,2021,10,21,43.961,25.459,34.71
46.897,-96.812,2021-10-22,2021,10,22,46.243,27.214,36.729
46.897,-96.812,2021-10-23,2021,10,23,49.802,24.858,37.33
46.897,-96.812,2021-10-24,2021,10,24,47.588,35.433,41.511
46.897,-96.812,2021-10-25,2021,10,25,52.628,35.758,44.193
46.897,-96.812,2021-10-26,2021,10,26,57.416,43.572,50.494
46.897,-96.812,2021-10-27,2021,10,27,52.268,46.49,49.379
46.897,-96.812,2021-10-28,2021,10,28,53.258,32.236,42.747
46.897,-96.812,2021-10-29,2021,10,29,57.47,30.403,43.937
46.897,-96.812,2021-10-30,2021,10,30,47.732,32.871,40.302
46.897,-96.812,2021-10-31,2021,10,31,45.055,29.156,37.106
46.897,-96.812,2021-11-01,2021,11,1,43.344,29.086,36.215
46.897,-96.812,2021-11-02,2021,11,2,41.497,27.77,34.634
46.897,-96.812,2021-11-03,2021,11,3,46.472,24.058,35.265
46.897,-96.812,2021-11-04,2021,11,4,52.826,27.759,40.293
46.897,-96.812,2021-11-05,2021,11,5,55.994,36.745,46.37
46.897,-96.812,2021-11-06,2021,11,6,63.446,39.819,51.633
46.897,-96.812,2021-11-07,2021,11,7,57.074,37.785,47.43
46.897,-96.812,2021-11-08,2021,11,8,52.79,32.533,42.662
46.897,-96.812,2021-11-09,2021,11,9,54.248,30.852,42.55
46.897,-96.812,2021-11-10,2021,11,10,47.156,40.37,43.763
46.897,-96.812,2021-11-11,2021,11,11,40.388,29.334,34.861
46.897,-96.812,2021-11-12,2021,11,12,29.8,26.195,27.998
46.897,-96.812,2021-11-13,2021,11,13,28.209,25.221,26.715
46.897,-96.812,2021-11-14,2021,11,14,25.498,22.743,24.121
46.897,-96.812,2021-11-15,2021,11,15,34.25,24.984,29.617
46.897,-96.812,2021-11-16,2021,11,16,41.052,33.787,37.42
46.897,-96.812,2021-11-17,2021,11,17,37.117,24.897,31.007
46.897,-96.812,2021-11-18,2021,11,18,29.241,22.339,25.79
46.897,-96.812,2021-11-19,2021,11,19,42.091,23.331,32.711
46.897,-96.812,2021-11-20,2021,11,20,38.838,22.194,30.516
46.897,-96.812,2021-11-21,2021,11,21,36.338,13.532,24.935
46.897,-96.812,2021-11-22,2021,11,22,36.439,16.574,26.507
46.897,-96.812,2021-11-23,2021,11,23,49.136,25.462,37.299
46.897,-96.812,2021-11-24,2021,11,24,30.178,7.286,18.732
46.897,-96.812,2021-11-25,2021,11,25,20.313,1.202,10.758
46.897,-96.812,2021-11-26,2021,11,26,33.903,20.21,27.057
46.897,-96.812,2021-11-27,2021,11,27,44.344,20.203,32.274
46.897,-96.812,2021-11-28,2021,11,28,35.694,17.888,26.791
46.897,-96.812,2021-11-29,2021,11,29,43.783,28.332,36.058
46.897,-96.812,2021-11-30,2021,11,30,37.175,25.381,31.278
46.897,-96.812,2021-12-01,2021,12,1,50.864,29.021,39.943
46.897,-96.812,2021-12-02,2021,12,2,38.746,29.701,34.224
46.897,-96.812,2021-12-03,2021,12,3,36.473,25.905,31.189
46.897,-96.812,2021-12-04,2021,12,4,29.35,24.136,26.743
46.897,-96.812,2021-12-05,2021,12,5,29.46,6.332,17.896
46.897,-96.812,2021-12-06,2021,12,6,6.476,-9.166,-1.345
46.897,-96.812,2021-12-07,2021,12,7,15.062,3.308,9.185
46.897,-96.812,2021-12-08,2021,12,8,23.205,1.418,12.312
46.897,-96.812,2021-12-09,2021,12,9,33.922,17.91,25.916
46.897,-96.812,2021-12-10,2021,12,10,30.139,16.898,23.519
46.897,-96.812,2021-12-11,2021,12,11,32.49,9.284,20.887
46.897,-96.812,2021-12-12,2021,12,12,38.923,27.358,33.141
46.897,-96.812,2021-12-13,2021,12,13,38.896,22.514,30.705
46.897,-96.812,2021-12-14,2021,12,14,38.257,34.124,36.191
46.897,-96.812,2021-12-15,2021,12,15,38.586,23.254,30.92
46.897,-96.812,2021-12-16,2021,12,16,23.358,3.416,13.387
46.897,-96.812,2021-12-17,2021,12,17,13.586,0.554,7.07
46.897,-96.812,2021-12-18,2021,12,18,12.326,0.068,6.197
46.897,-96.812,2021-12-19,2021,12,19,27.882,1.562,14.722
